Path,Species_Name,Species_ID,Split
data/wings-2024/Ae_cinereus/Ae cin 112.tif,Ae_cinereus,0,Train
data/wings-2024/Ae_cinereus/Ae cin 104.tif,Ae_cinereus,0,Train
data/wings-2024/Ae_cinereus/Ae cin 95.tif,Ae_cinereus,0,Train
data/wings-2024/Ae_cinereus/Ae cin 131.tif,Ae_cinereus,0,Train
data/wings-2024/Ae_cinereus/Ae cin 87.tif,Ae_cinereus,0,Train
data/wings-2024/Ae_cinereus/Ae cin 55.tif,Ae_cinereus,0,Train
data/wings-2024/Ae_cinereus/Ae cin 98.tif,Ae_cinereus,0,Train
data/wings-2024/Ae_cinereus/Ae cin 156.tif,Ae_cinereus,0,Train
data/wings-2024/Ae_cinereus/Ae cin 3.tif,Ae_cinereus,0,Train
data/wings-2024/Ae_cinereus/Ae cin 120.tif,Ae_cinereus,0,Train
data/wings-2024/Ae_cinereus/Ae cin 44.tif,Ae_cinereus,0,Train
data/wings-2024/Ae_cinereus/Ae cin 116.tif,Ae_cinereus,0,Train
data/wings-2024/Ae_cinereus/Ae cin 148.tif,Ae_cinereus,0,Train
data/wings-2024/Ae_cinereus/Ae cin 72.tif,Ae_cinereus,0,Train
data/wings-2024/Ae_cinereus/Ae cin 45.tif,Ae_cinereus,0,Train
data/wings-2024/Ae_cinereus/Ae cin 54.tif,Ae_cinereus,0,Train
data/wings-2024/Ae_cinereus/Ae cin 60.tif,Ae_cinereus,0,Train
data/wings-2024/Ae_cinereus/Ae cin 143.tif,Ae_cinereus,0,Train
data/wings-2024/Ae_cinereus/Ae cin 93.tif,Ae_cinereus,0,Train
data/wings-2024/Ae_cinereus/Ae cin 149.tif,Ae_cinereus,0,Train
data/wings-2024/Ae_cinereus/Ae cin 86.tif,Ae_cinereus,0,Train
data/wings-2024/Ae_cinereus/Ae cin 81.tif,Ae_cinereus,0,Train
data/wings-2024/Ae_cinereus/Ae cin 138.tif,Ae_cinereus,0,Train
data/wings-2024/Ae_cinereus/Ae cin 42.tif,Ae_cinereus,0,Train
data/wings-2024/Ae_cinereus/Ae cin 147.tif,Ae_cinereus,0,Train
data/wings-2024/Ae_cinereus/Ae cin 115.tif,Ae_cinereus,0,Train
data/wings-2024/Ae_cinereus/Ae cin 83.tif,Ae_cinereus,0,Train
data/wings-2024/Ae_cinereus/Ae cin 21.tif,Ae_cinereus,0,Train
data/wings-2024/Ae_cinereus/Ae cin 107.tif,Ae_cinereus,0,Train
data/wings-2024/Ae_cinereus/Ae cin 71.tif,Ae_cinereus,0,Train
data/wings-2024/Ae_cinereus/Ae cin 16.tif,Ae_cinereus,0,Train
data/wings-2024/Ae_cinereus/Ae cin 92.tif,Ae_cinereus,0,Train
data/wings-2024/Ae_cinereus/Ae cin 75.tif,Ae_cinereus,0,Train
data/wings-2024/Ae_cinereus/Ae cin 136.tif,Ae_cinereus,0,Train
data/wings-2024/Ae_cinereus/Ae cin 99.tif,Ae_cinereus,0,Train
data/wings-2024/Ae_cinereus/Ae cin 122.tif,Ae_cinereus,0,Train
data/wings-2024/Ae_cinereus/Ae cin 63.tif,Ae_cinereus,0,Train
data/wings-2024/Ae_cinereus/Ae cin 139.tif,Ae_cinereus,0,Train
data/wings-2024/Ae_cinereus/Ae cin 35.tif,Ae_cinereus,0,Train
data/wings-2024/Ae_cinereus/Ae cin 82.tif,Ae_cinereus,0,Train
data/wings-2024/Ae_cinereus/Ae cin 2.tif,Ae_cinereus,0,Train
data/wings-2024/Ae_cinereus/Ae cin 126.tif,Ae_cinereus,0,Train
data/wings-2024/Ae_cinereus/Ae cin 164.tif,Ae_cinereus,0,Train
data/wings-2024/Ae_cinereus/Ae cin 84.tif,Ae_cinereus,0,Train
data/wings-2024/Ae_cinereus/Ae cin 142.tif,Ae_cinereus,0,Train
data/wings-2024/Ae_cinereus/Ae cin 141.tif,Ae_cinereus,0,Train
data/wings-2024/Ae_cinereus/Ae cin 59.tif,Ae_cinereus,0,Train
data/wings-2024/Ae_cinereus/Ae cin 113.tif,Ae_cinereus,0,Train
data/wings-2024/Ae_cinereus/Ae cin 140.tif,Ae_cinereus,0,Train
data/wings-2024/Ae_cinereus/Ae cin 15.tif,Ae_cinereus,0,Train
data/wings-2024/Ae_cinereus/Ae cin 114.tif,Ae_cinereus,0,Train
data/wings-2024/Ae_cinereus/Ae cin 108.tif,Ae_cinereus,0,Train
data/wings-2024/Ae_cinereus/Ae cin 96.tif,Ae_cinereus,0,Train
data/wings-2024/Ae_cinereus/Ae cin 4.tif,Ae_cinereus,0,Train
data/wings-2024/Ae_cinereus/Ae cin 146.tif,Ae_cinereus,0,Train
data/wings-2024/Ae_cinereus/Ae cin 157.tif,Ae_cinereus,0,Train
data/wings-2024/Ae_cinereus/Ae cin 32.tif,Ae_cinereus,0,Train
data/wings-2024/Ae_cinereus/Ae cin 130.tif,Ae_cinereus,0,Train
data/wings-2024/Ae_cinereus/Ae cin 145.tif,Ae_cinereus,0,Train
data/wings-2024/Ae_cinereus/Ae cin 94.tif,Ae_cinereus,0,Train
data/wings-2024/Ae_cinereus/Ae cin 65.tif,Ae_cinereus,0,Train
data/wings-2024/Ae_cinereus/Ae cin 40.tif,Ae_cinereus,0,Train
data/wings-2024/Ae_cinereus/Ae cin 124.tif,Ae_cinereus,0,Train
data/wings-2024/Ae_cinereus/Ae cin 25.tif,Ae_cinereus,0,Train
data/wings-2024/Ae_cinereus/Ae cin 154.tif,Ae_cinereus,0,Train
data/wings-2024/Ae_cinereus/Ae cin 74.tif,Ae_cinereus,0,Train
data/wings-2024/Ae_cinereus/Ae cin 160.tif,Ae_cinereus,0,Train
data/wings-2024/Ae_cinereus/Ae cin 76.tif,Ae_cinereus,0,Train
data/wings-2024/Ae_cinereus/Ae cin 7.tif,Ae_cinereus,0,Train
data/wings-2024/Ae_cinereus/Ae cin 162.tif,Ae_cinereus,0,Train
data/wings-2024/Ae_cinereus/Ae cin 121.tif,Ae_cinereus,0,Train
data/wings-2024/Ae_cinereus/Ae cin 1.tif,Ae_cinereus,0,Train
data/wings-2024/Ae_cinereus/Ae cin 106.tif,Ae_cinereus,0,Train
data/wings-2024/Ae_cinereus/Ae cin 50.tif,Ae_cinereus,0,Train
data/wings-2024/Ae_cinereus/Ae cin 9.tif,Ae_cinereus,0,Train
data/wings-2024/Ae_cinereus/Ae cin 10.tif,Ae_cinereus,0,Train
data/wings-2024/Ae_cinereus/Ae cin 14.tif,Ae_cinereus,0,Train
data/wings-2024/Ae_cinereus/Ae cin 19.tif,Ae_cinereus,0,Train
data/wings-2024/Ae_cinereus/Ae cin 117.tif,Ae_cinereus,0,Train
data/wings-2024/Ae_cinereus/Ae cin 158.tif,Ae_cinereus,0,Train
data/wings-2024/Ae_cinereus/Ae cin 123.tif,Ae_cinereus,0,Train
data/wings-2024/Ae_cinereus/Ae cin 17.tif,Ae_cinereus,0,Train
data/wings-2024/Ae_cinereus/Ae cin 85.tif,Ae_cinereus,0,Train
data/wings-2024/Ae_cinereus/Ae cin 29.tif,Ae_cinereus,0,Train
data/wings-2024/Ae_cinereus/Ae cin 159.tif,Ae_cinereus,0,Train
data/wings-2024/Ae_cinereus/Ae cin 37.tif,Ae_cinereus,0,Train
data/wings-2024/Ae_cinereus/Ae cin 110.tif,Ae_cinereus,0,Train
data/wings-2024/Ae_cinereus/Ae cin 79.tif,Ae_cinereus,0,Train
data/wings-2024/Ae_cinereus/Ae cin 38.tif,Ae_cinereus,0,Train
data/wings-2024/Ae_cinereus/Ae cin 128.tif,Ae_cinereus,0,Train
data/wings-2024/Ae_cinereus/Ae cin 152.tif,Ae_cinereus,0,Train
data/wings-2024/Ae_cinereus/Ae cin 100.tif,Ae_cinereus,0,Train
data/wings-2024/Ae_cinereus/Ae cin 70.tif,Ae_cinereus,0,Train
data/wings-2024/Ae_cinereus/Ae cin 66.tif,Ae_cinereus,0,Train
data/wings-2024/Ae_cinereus/Ae cin 43.tif,Ae_cinereus,0,Train
data/wings-2024/Ae_cinereus/Ae cin 51.tif,Ae_cinereus,0,Train
data/wings-2024/Ae_cinereus/Ae cin 58.tif,Ae_cinereus,0,Train
data/wings-2024/Ae_cinereus/Ae cin 155.tif,Ae_cinereus,0,Train
data/wings-2024/Ae_cinereus/Ae cin 97.tif,Ae_cinereus,0,Train
data/wings-2024/Ae_cinereus/Ae cin 129.tif,Ae_cinereus,0,Train
data/wings-2024/Ae_cinereus/Ae cin 67.tif,Ae_cinereus,0,Train
data/wings-2024/Ae_cinereus/Ae cin 13.tif,Ae_cinereus,0,Train
data/wings-2024/Ae_cinereus/Ae cin 105.tif,Ae_cinereus,0,Train
data/wings-2024/Ae_cinereus/Ae cin 103.tif,Ae_cinereus,0,Train
data/wings-2024/Ae_cinereus/Ae cin 22.tif,Ae_cinereus,0,Train
data/wings-2024/Ae_cinereus/Ae cin 111.tif,Ae_cinereus,0,Train
data/wings-2024/Ae_cinereus/Ae cin 53.tif,Ae_cinereus,0,Train
data/wings-2024/Ae_cinereus/Ae cin 78.tif,Ae_cinereus,0,Train
data/wings-2024/Ae_cinereus/Ae cin 39.tif,Ae_cinereus,0,Train
data/wings-2024/Ae_cinereus/Ae cin 64.tif,Ae_cinereus,0,Train
data/wings-2024/Ae_cinereus/Ae cin 80.tif,Ae_cinereus,0,Train
data/wings-2024/Ae_cinereus/Ae cin 20.tif,Ae_cinereus,0,Train
data/wings-2024/Ae_cinereus/Ae cin 119.tif,Ae_cinereus,0,Train
data/wings-2024/Ae_cinereus/Ae cin 12.tif,Ae_cinereus,0,Train
data/wings-2024/Ae_cinereus/Ae cin 33.tif,Ae_cinereus,0,Train
data/wings-2024/Ae_cinereus/Ae cin 47.tif,Ae_cinereus,0,Train
data/wings-2024/Ae_cinereus/Ae cin 18.tif,Ae_cinereus,0,Train
data/wings-2024/Ae_cinereus/Ae cin 34.tif,Ae_cinereus,0,Train
data/wings-2024/Ae_cinereus/Ae cin 109.tif,Ae_cinereus,0,Train
data/wings-2024/Ae_cinereus/Ae cin 26.tif,Ae_cinereus,0,Train
data/wings-2024/Ae_cinereus/Ae cin 56.tif,Ae_cinereus,0,Train
data/wings-2024/Ae_cinereus/Ae cin 73.tif,Ae_cinereus,0,Train
data/wings-2024/Ae_cinereus/Ae cin 46.tif,Ae_cinereus,0,Train
data/wings-2024/Ae_cinereus/Ae cin 61.tif,Ae_cinereus,0,Train
data/wings-2024/Ae_cinereus/Ae cin 68.tif,Ae_cinereus,0,Train
data/wings-2024/Ae_cinereus/Ae cin 27.tif,Ae_cinereus,0,Train
data/wings-2024/Ae_cinereus/Ae cin 62.tif,Ae_cinereus,0,Train
data/wings-2024/Ae_cinereus/Ae cin 137.tif,Ae_cinereus,0,Train
data/wings-2024/Ae_cinereus/Ae cin 6.tif,Ae_cinereus,0,Train
data/wings-2024/Ae_cinereus/Ae cin 31.tif,Ae_cinereus,0,Train
data/wings-2024/Ae_cinereus/Ae cin 8.tif,Ae_cinereus,0,Train
data/wings-2024/Ae_cinereus/Ae cin 11.tif,Ae_cinereus,0,Train
data/wings-2024/Ae_punctor/Ae pun 85.tif,Ae_punctor,1,Train
data/wings-2024/Ae_punctor/Ae pun 11.tif,Ae_punctor,1,Train
data/wings-2024/Ae_punctor/Ae pun 81.tif,Ae_punctor,1,Train
data/wings-2024/Ae_punctor/Ae pun 48.tif,Ae_punctor,1,Train
data/wings-2024/Ae_punctor/Ae pun 45.tif,Ae_punctor,1,Train
data/wings-2024/Ae_punctor/Ae pun 37.tif,Ae_punctor,1,Train
data/wings-2024/Ae_punctor/Ae pun 126.tif,Ae_punctor,1,Train
data/wings-2024/Ae_punctor/Ae pun 150.tif,Ae_punctor,1,Train
data/wings-2024/Ae_punctor/Ae pun 155.tif,Ae_punctor,1,Train
data/wings-2024/Ae_punctor/Ae pun 100.tif,Ae_punctor,1,Train
data/wings-2024/Ae_punctor/Ae pun 14.tif,Ae_punctor,1,Train
data/wings-2024/Ae_punctor/Ae pun 86.tif,Ae_punctor,1,Train
data/wings-2024/Ae_punctor/Ae pun 145.tif,Ae_punctor,1,Train
data/wings-2024/Ae_punctor/Ae pun 69.tif,Ae_punctor,1,Train
data/wings-2024/Ae_punctor/Ae pun 68.tif,Ae_punctor,1,Train
data/wings-2024/Ae_punctor/Ae pun 124.tif,Ae_punctor,1,Train
data/wings-2024/Ae_punctor/Ae pun 34.tif,Ae_punctor,1,Train
data/wings-2024/Ae_punctor/Ae pun 4.tif,Ae_punctor,1,Train
data/wings-2024/Ae_punctor/Ae pun 52.tif,Ae_punctor,1,Train
data/wings-2024/Ae_punctor/Ae pun 162.tif,Ae_punctor,1,Train
data/wings-2024/Ae_punctor/Ae pun 57.tif,Ae_punctor,1,Train
data/wings-2024/Ae_punctor/Ae pun 84.tif,Ae_punctor,1,Train
data/wings-2024/Ae_punctor/Ae pun 47.tif,Ae_punctor,1,Train
data/wings-2024/Ae_punctor/Ae pun 93.tif,Ae_punctor,1,Train
data/wings-2024/Ae_punctor/Ae pun 111.tif,Ae_punctor,1,Train
data/wings-2024/Ae_punctor/Ae pun 24.tif,Ae_punctor,1,Train
data/wings-2024/Ae_punctor/Ae pun 27.tif,Ae_punctor,1,Train
data/wings-2024/Ae_punctor/Ae pun 39.tif,Ae_punctor,1,Train
data/wings-2024/Ae_punctor/Ae pun 62.tif,Ae_punctor,1,Train
data/wings-2024/Ae_punctor/Ae pun 53.tif,Ae_punctor,1,Train
data/wings-2024/Ae_punctor/Ae pun 1.tif,Ae_punctor,1,Train
data/wings-2024/Ae_punctor/Ae pun 82.tif,Ae_punctor,1,Train
data/wings-2024/Ae_punctor/Ae pun 129.tif,Ae_punctor,1,Train
data/wings-2024/Ae_punctor/Ae pun 164.tif,Ae_punctor,1,Train
data/wings-2024/Ae_punctor/Ae pun 18.tif,Ae_punctor,1,Train
data/wings-2024/Ae_punctor/Ae pun 140.tif,Ae_punctor,1,Train
data/wings-2024/Ae_punctor/Ae pun 21.tif,Ae_punctor,1,Train
data/wings-2024/Ae_punctor/Ae pun 9.tif,Ae_punctor,1,Train
data/wings-2024/Ae_punctor/Ae pun 146.tif,Ae_punctor,1,Train
data/wings-2024/Ae_punctor/Ae pun 46.tif,Ae_punctor,1,Train
data/wings-2024/Ae_punctor/Ae pun 127.tif,Ae_punctor,1,Train
data/wings-2024/Ae_punctor/Ae pun 67.tif,Ae_punctor,1,Train
data/wings-2024/Ae_punctor/Ae pun 54.tif,Ae_punctor,1,Train
data/wings-2024/Ae_punctor/Ae pun 112.tif,Ae_punctor,1,Train
data/wings-2024/Ae_punctor/Ae pun 90.tif,Ae_punctor,1,Train
data/wings-2024/Ae_punctor/Ae pun 110.tif,Ae_punctor,1,Train
data/wings-2024/Ae_punctor/Ae pun 50.tif,Ae_punctor,1,Train
data/wings-2024/Ae_punctor/Ae pun 95.tif,Ae_punctor,1,Train
data/wings-2024/Ae_punctor/Ae pun 91.tif,Ae_punctor,1,Train
data/wings-2024/Ae_punctor/Ae pun 30.tif,Ae_punctor,1,Train
data/wings-2024/Ae_punctor/Ae pun 138.tif,Ae_punctor,1,Train
data/wings-2024/Ae_punctor/Ae pun 99.tif,Ae_punctor,1,Train
data/wings-2024/Ae_punctor/Ae pun 35.tif,Ae_punctor,1,Train
data/wings-2024/Ae_punctor/Ae pun 20.tif,Ae_punctor,1,Train
data/wings-2024/Ae_punctor/Ae pun 17.tif,Ae_punctor,1,Train
data/wings-2024/Ae_punctor/Ae pun 114.tif,Ae_punctor,1,Train
data/wings-2024/Ae_punctor/Ae pun 7.tif,Ae_punctor,1,Train
data/wings-2024/Ae_punctor/Ae pun 87.tif,Ae_punctor,1,Train
data/wings-2024/Ae_punctor/Ae pun 89.tif,Ae_punctor,1,Train
data/wings-2024/Ae_punctor/Ae pun 123.tif,Ae_punctor,1,Train
data/wings-2024/Ae_punctor/Ae pun 118.tif,Ae_punctor,1,Train
data/wings-2024/Ae_punctor/Ae pun 163.tif,Ae_punctor,1,Train
data/wings-2024/Ae_punctor/Ae pun 58.tif,Ae_punctor,1,Train
data/wings-2024/Ae_punctor/Ae pun 88.tif,Ae_punctor,1,Train
data/wings-2024/Ae_punctor/Ae pun 76.tif,Ae_punctor,1,Train
data/wings-2024/Ae_punctor/Ae pun 12.tif,Ae_punctor,1,Train
data/wings-2024/Ae_punctor/Ae pun 10.tif,Ae_punctor,1,Train
data/wings-2024/Ae_punctor/Ae pun 101.tif,Ae_punctor,1,Train
data/wings-2024/Ae_punctor/Ae pun 122.tif,Ae_punctor,1,Train
data/wings-2024/Ae_punctor/Ae pun 65.tif,Ae_punctor,1,Train
data/wings-2024/Ae_punctor/Ae pun 161.tif,Ae_punctor,1,Train
data/wings-2024/Ae_punctor/Ae pun 36.tif,Ae_punctor,1,Train
data/wings-2024/Ae_punctor/Ae pun 102.tif,Ae_punctor,1,Train
data/wings-2024/Ae_punctor/Ae pun 71.tif,Ae_punctor,1,Train
data/wings-2024/Ae_punctor/Ae pun 135.tif,Ae_punctor,1,Train
data/wings-2024/Ae_punctor/Ae pun 157.tif,Ae_punctor,1,Train
data/wings-2024/Ae_punctor/Ae pun 26.tif,Ae_punctor,1,Train
data/wings-2024/Ae_punctor/Ae pun 41.tif,Ae_punctor,1,Train
data/wings-2024/Ae_punctor/Ae pun 28.tif,Ae_punctor,1,Train
data/wings-2024/Ae_punctor/Ae pun 134.tif,Ae_punctor,1,Train
data/wings-2024/Ae_punctor/Ae pun 125.tif,Ae_punctor,1,Train
data/wings-2024/Ae_punctor/Ae pun 29.tif,Ae_punctor,1,Train
data/wings-2024/Ae_punctor/Ae pun 73.tif,Ae_punctor,1,Train
data/wings-2024/Ae_punctor/Ae pun 74.tif,Ae_punctor,1,Train
data/wings-2024/Ae_punctor/Ae pun 96.tif,Ae_punctor,1,Train
data/wings-2024/Ae_punctor/Ae pun 128.tif,Ae_punctor,1,Train
data/wings-2024/Ae_punctor/Ae pun 106.tif,Ae_punctor,1,Train
data/wings-2024/Ae_punctor/Ae pun 40.tif,Ae_punctor,1,Train
data/wings-2024/Ae_punctor/Ae pun 23.tif,Ae_punctor,1,Train
data/wings-2024/Ae_punctor/Ae pun 116.tif,Ae_punctor,1,Train
data/wings-2024/Ae_punctor/Ae pun 8.tif,Ae_punctor,1,Train
data/wings-2024/Ae_punctor/Ae pun 107.tif,Ae_punctor,1,Train
data/wings-2024/Ae_punctor/Ae pun 132.tif,Ae_punctor,1,Train
data/wings-2024/Ae_punctor/Ae pun 142.tif,Ae_punctor,1,Train
data/wings-2024/Ae_punctor/Ae pun 136.tif,Ae_punctor,1,Train
data/wings-2024/Ae_punctor/Ae pun 149.tif,Ae_punctor,1,Train
data/wings-2024/Ae_punctor/Ae pun 119.tif,Ae_punctor,1,Train
data/wings-2024/Ae_punctor/Ae pun 70.tif,Ae_punctor,1,Train
data/wings-2024/Ae_punctor/Ae pun 2.tif,Ae_punctor,1,Train
data/wings-2024/Ae_punctor/Ae pun 141.tif,Ae_punctor,1,Train
data/wings-2024/Ae_punctor/Ae pun 25.tif,Ae_punctor,1,Train
data/wings-2024/Ae_punctor/Ae pun 151.tif,Ae_punctor,1,Train
data/wings-2024/Ae_punctor/Ae pun 6.tif,Ae_punctor,1,Train
data/wings-2024/Ae_punctor/Ae pun 156.tif,Ae_punctor,1,Train
data/wings-2024/Ae_punctor/Ae pun 5.tif,Ae_punctor,1,Train
data/wings-2024/Ae_punctor/Ae pun 165.tif,Ae_punctor,1,Train
data/wings-2024/Ae_punctor/Ae pun 64.tif,Ae_punctor,1,Train
data/wings-2024/Ae_punctor/Ae pun 115.tif,Ae_punctor,1,Train
data/wings-2024/Ae_punctor/Ae pun 92.tif,Ae_punctor,1,Train
data/wings-2024/Ae_punctor/Ae pun 38.tif,Ae_punctor,1,Train
data/wings-2024/Ae_punctor/Ae pun 43.tif,Ae_punctor,1,Train
data/wings-2024/Ae_punctor/Ae pun 83.tif,Ae_punctor,1,Train
data/wings-2024/Ae_punctor/Ae pun 72.tif,Ae_punctor,1,Train
data/wings-2024/Ae_punctor/Ae pun 97.tif,Ae_punctor,1,Train
data/wings-2024/Ae_punctor/Ae pun 105.tif,Ae_punctor,1,Train
data/wings-2024/Ae_punctor/Ae pun 120.tif,Ae_punctor,1,Train
data/wings-2024/Ae_punctor/Ae pun 109.tif,Ae_punctor,1,Train
data/wings-2024/Ae_punctor/Ae pun 121.tif,Ae_punctor,1,Train
data/wings-2024/Ae_punctor/Ae pun 104.tif,Ae_punctor,1,Train
data/wings-2024/Ae_punctor/Ae pun 19.tif,Ae_punctor,1,Train
data/wings-2024/Ae_punctor/Ae pun 22.tif,Ae_punctor,1,Train
data/wings-2024/Ae_punctor/Ae pun 152.tif,Ae_punctor,1,Train
data/wings-2024/Ae_punctor/Ae pun 55.tif,Ae_punctor,1,Train
data/wings-2024/Ae_punctor/Ae pun 130.tif,Ae_punctor,1,Train
data/wings-2024/Ae_punctor/Ae pun 94.tif,Ae_punctor,1,Train
data/wings-2024/Ae_punctor/Ae pun 44.tif,Ae_punctor,1,Train
data/wings-2024/Ae_punctor/Ae pun 153.tif,Ae_punctor,1,Train
data/wings-2024/Ae_punctor/Ae pun 144.tif,Ae_punctor,1,Train
data/wings-2024/Ae_punctor/Ae pun 137.tif,Ae_punctor,1,Train
data/wings-2024/Ae_punctor/Ae pun 15.tif,Ae_punctor,1,Train
data/wings-2024/Ae_punctor/Ae pun 78.tif,Ae_punctor,1,Train
data/wings-2024/Ae_punctor/Ae pun 159.tif,Ae_punctor,1,Train
data/wings-2024/Ae_communis/Ae com 72.tif,Ae_communis,2,Train
data/wings-2024/Ae_communis/Ae com 49.tif,Ae_communis,2,Train
data/wings-2024/Ae_communis/Ae com 80.tif,Ae_communis,2,Train
data/wings-2024/Ae_communis/Ae com 165.tif,Ae_communis,2,Train
data/wings-2024/Ae_communis/Ae com 110.tif,Ae_communis,2,Train
data/wings-2024/Ae_communis/Ae com 53.tif,Ae_communis,2,Train
data/wings-2024/Ae_communis/Ae com 40.tif,Ae_communis,2,Train
data/wings-2024/Ae_communis/Ae com 27.tif,Ae_communis,2,Train
data/wings-2024/Ae_communis/Ae com 153.tif,Ae_communis,2,Train
data/wings-2024/Ae_communis/Ae com 71.tif,Ae_communis,2,Train
data/wings-2024/Ae_communis/Ae com 58.tif,Ae_communis,2,Train
data/wings-2024/Ae_communis/Ae com 54.tif,Ae_communis,2,Train
data/wings-2024/Ae_communis/Ae com 122.tif,Ae_communis,2,Train
data/wings-2024/Ae_communis/Ae com 73.tif,Ae_communis,2,Train
data/wings-2024/Ae_communis/Ae com 66.tif,Ae_communis,2,Train
data/wings-2024/Ae_communis/Ae com 13.tif,Ae_communis,2,Train
data/wings-2024/Ae_communis/Ae com 24.tif,Ae_communis,2,Train
data/wings-2024/Ae_communis/Ae com 164.tif,Ae_communis,2,Train
data/wings-2024/Ae_communis/Ae com 84.tif,Ae_communis,2,Train
data/wings-2024/Ae_communis/Ae com 83.tif,Ae_communis,2,Train
data/wings-2024/Ae_communis/Ae com 138.tif,Ae_communis,2,Train
data/wings-2024/Ae_communis/Ae com 56.tif,Ae_communis,2,Train
data/wings-2024/Ae_communis/Ae com 102.tif,Ae_communis,2,Train
data/wings-2024/Ae_communis/Ae com 26.tif,Ae_communis,2,Train
data/wings-2024/Ae_communis/Ae com 144.tif,Ae_communis,2,Train
data/wings-2024/Ae_communis/Ae com 155.tif,Ae_communis,2,Train
data/wings-2024/Ae_communis/Ae com 65.tif,Ae_communis,2,Train
data/wings-2024/Ae_communis/Ae com 18.tif,Ae_communis,2,Train
data/wings-2024/Ae_communis/Ae com 86.tif,Ae_communis,2,Train
data/wings-2024/Ae_communis/Ae com 119.tif,Ae_communis,2,Train
data/wings-2024/Ae_communis/Ae com 36.tif,Ae_communis,2,Train
data/wings-2024/Ae_communis/Ae com 103.tif,Ae_communis,2,Train
data/wings-2024/Ae_communis/Ae com 147.tif,Ae_communis,2,Train
data/wings-2024/Ae_communis/Ae com 145.tif,Ae_communis,2,Train
data/wings-2024/Ae_communis/Ae com 79.tif,Ae_communis,2,Train
data/wings-2024/Ae_communis/Ae com 129.tif,Ae_communis,2,Train
data/wings-2024/Ae_communis/Ae com 23.tif,Ae_communis,2,Train
data/wings-2024/Ae_communis/Ae com 112.tif,Ae_communis,2,Train
data/wings-2024/Ae_communis/Ae com 157.tif,Ae_communis,2,Train
data/wings-2024/Ae_communis/Ae com 34.tif,Ae_communis,2,Train
data/wings-2024/Ae_communis/Ae com 142.tif,Ae_communis,2,Train
data/wings-2024/Ae_communis/Ae com 137.tif,Ae_communis,2,Train
data/wings-2024/Ae_communis/Ae com 29.tif,Ae_communis,2,Train
data/wings-2024/Ae_communis/Ae com 143.tif,Ae_communis,2,Train
data/wings-2024/Ae_communis/Ae com 141.tif,Ae_communis,2,Train
data/wings-2024/Ae_communis/Ae com 87.tif,Ae_communis,2,Train
data/wings-2024/Ae_communis/Ae com 74.tif,Ae_communis,2,Train
data/wings-2024/Ae_communis/Ae com 38.tif,Ae_communis,2,Train
data/wings-2024/Ae_communis/Ae com 106.tif,Ae_communis,2,Train
data/wings-2024/Ae_communis/Ae com 1.tif,Ae_communis,2,Train
data/wings-2024/Ae_communis/Ae com 78.tif,Ae_communis,2,Train
data/wings-2024/Ae_communis/Ae com 85.tif,Ae_communis,2,Train
data/wings-2024/Ae_communis/Ae com 32.tif,Ae_communis,2,Train
data/wings-2024/Ae_communis/Ae com 160.tif,Ae_communis,2,Train
data/wings-2024/Ae_communis/Ae com 124.tif,Ae_communis,2,Train
data/wings-2024/Ae_communis/Ae com 154.tif,Ae_communis,2,Train
data/wings-2024/Ae_communis/Ae com 161.tif,Ae_communis,2,Train
data/wings-2024/Ae_communis/Ae com 136.tif,Ae_communis,2,Train
data/wings-2024/Ae_communis/Ae com 6.tif,Ae_communis,2,Train
data/wings-2024/Ae_communis/Ae com 109.tif,Ae_communis,2,Train
data/wings-2024/Ae_communis/Ae com 8.tif,Ae_communis,2,Train
data/wings-2024/Ae_communis/Ae com 48.tif,Ae_communis,2,Train
data/wings-2024/Ae_communis/Ae com 61.tif,Ae_communis,2,Train
data/wings-2024/Ae_communis/Ae com 82.tif,Ae_communis,2,Train
data/wings-2024/Ae_communis/Ae com 113.tif,Ae_communis,2,Train
data/wings-2024/Ae_communis/Ae com 100.tif,Ae_communis,2,Train
data/wings-2024/Ae_communis/Ae com 69.tif,Ae_communis,2,Train
data/wings-2024/Ae_communis/Ae com 45.tif,Ae_communis,2,Train
data/wings-2024/Ae_communis/Ae com 51.tif,Ae_communis,2,Train
data/wings-2024/Ae_communis/Ae com 96.tif,Ae_communis,2,Train
data/wings-2024/Ae_communis/Ae com 67.tif,Ae_communis,2,Train
data/wings-2024/Ae_communis/Ae com 50.tif,Ae_communis,2,Train
data/wings-2024/Ae_communis/Ae com 76.tif,Ae_communis,2,Train
data/wings-2024/Ae_communis/Ae com 95.tif,Ae_communis,2,Train
data/wings-2024/Ae_communis/Ae com 35.tif,Ae_communis,2,Train
data/wings-2024/Ae_communis/Ae com 148.tif,Ae_communis,2,Train
data/wings-2024/Ae_communis/Ae com 140.tif,Ae_communis,2,Train
data/wings-2024/Ae_communis/Ae com 63.tif,Ae_communis,2,Train
data/wings-2024/Ae_communis/Ae com 46.tif,Ae_communis,2,Train
data/wings-2024/Ae_communis/Ae com 162.tif,Ae_communis,2,Train
data/wings-2024/Ae_communis/Ae com 89.tif,Ae_communis,2,Train
data/wings-2024/Ae_communis/Ae com 139.tif,Ae_communis,2,Train
data/wings-2024/Ae_communis/Ae com 98.tif,Ae_communis,2,Train
data/wings-2024/Ae_communis/Ae com 151.tif,Ae_communis,2,Train
data/wings-2024/Ae_communis/Ae com 149.tif,Ae_communis,2,Train
data/wings-2024/Ae_communis/Ae com 159.tif,Ae_communis,2,Train
data/wings-2024/Ae_communis/Ae com 11.tif,Ae_communis,2,Train
data/wings-2024/Ae_communis/Ae com 150.tif,Ae_communis,2,Train
data/wings-2024/Ae_communis/Ae com 135.tif,Ae_communis,2,Train
data/wings-2024/Ae_communis/Ae com 20.tif,Ae_communis,2,Train
data/wings-2024/Ae_communis/Ae com 91.tif,Ae_communis,2,Train
data/wings-2024/Ae_communis/Ae com 126.tif,Ae_communis,2,Train
data/wings-2024/Ae_communis/Ae com 131.tif,Ae_communis,2,Train
data/wings-2024/Ae_communis/Ae com 99.tif,Ae_communis,2,Train
data/wings-2024/Ae_communis/Ae com 92.tif,Ae_communis,2,Train
data/wings-2024/Ae_communis/Ae com 163.tif,Ae_communis,2,Train
data/wings-2024/Ae_communis/Ae com 55.tif,Ae_communis,2,Train
data/wings-2024/Ae_communis/Ae com 59.tif,Ae_communis,2,Train
data/wings-2024/Ae_communis/Ae com 28.tif,Ae_communis,2,Train
data/wings-2024/Ae_communis/Ae com 42.tif,Ae_communis,2,Train
data/wings-2024/Ae_communis/Ae com 3.tif,Ae_communis,2,Train
data/wings-2024/Ae_communis/Ae com 130.tif,Ae_communis,2,Train
data/wings-2024/Ae_communis/Ae com 22.tif,Ae_communis,2,Train
data/wings-2024/Ae_communis/Ae com 77.tif,Ae_communis,2,Train
data/wings-2024/Ae_communis/Ae com 15.tif,Ae_communis,2,Train
data/wings-2024/Ae_communis/Ae com 64.tif,Ae_communis,2,Train
data/wings-2024/Ae_communis/Ae com 14.tif,Ae_communis,2,Train
data/wings-2024/Ae_communis/Ae com 118.tif,Ae_communis,2,Train
data/wings-2024/Ae_communis/Ae com 132.tif,Ae_communis,2,Train
data/wings-2024/Ae_communis/Ae com 93.tif,Ae_communis,2,Train
data/wings-2024/Ae_communis/Ae com 47.tif,Ae_communis,2,Train
data/wings-2024/Ae_communis/Ae com 156.tif,Ae_communis,2,Train
data/wings-2024/Ae_communis/Ae com 17.tif,Ae_communis,2,Train
data/wings-2024/Ae_communis/Ae com 117.tif,Ae_communis,2,Train
data/wings-2024/Ae_communis/Ae com 31.tif,Ae_communis,2,Train
data/wings-2024/Ae_communis/Ae com 101.tif,Ae_communis,2,Train
data/wings-2024/Ae_communis/Ae com 107.tif,Ae_communis,2,Train
data/wings-2024/Ae_communis/Ae com 12.tif,Ae_communis,2,Train
data/wings-2024/Ae_communis/Ae com 75.tif,Ae_communis,2,Train
data/wings-2024/Ae_communis/Ae com 104.tif,Ae_communis,2,Train
data/wings-2024/Ae_communis/Ae com 5.tif,Ae_communis,2,Train
data/wings-2024/Ae_communis/Ae com 9.tif,Ae_communis,2,Train
data/wings-2024/Ae_communis/Ae com 121.tif,Ae_communis,2,Train
data/wings-2024/Ae_communis/Ae com 105.tif,Ae_communis,2,Train
data/wings-2024/Ae_communis/Ae com 30.tif,Ae_communis,2,Train
data/wings-2024/Ae_communis/Ae com 134.tif,Ae_communis,2,Train
data/wings-2024/Ae_communis/Ae com 116.tif,Ae_communis,2,Train
data/wings-2024/Ae_communis/Ae com 97.tif,Ae_communis,2,Train
data/wings-2024/Ae_communis/Ae com 108.tif,Ae_communis,2,Train
data/wings-2024/Ae_communis/Ae com 37.tif,Ae_communis,2,Train
data/wings-2024/Ae_communis/Ae com 21.tif,Ae_communis,2,Train
data/wings-2024/Ae_communis/Ae com 120.tif,Ae_communis,2,Train
data/wings-2024/Ae_sticticus/Ae stic 158.tif,Ae_sticticus,3,Train
data/wings-2024/Ae_sticticus/Ae stic 108.tif,Ae_sticticus,3,Train
data/wings-2024/Ae_sticticus/Ae stic 16.tif,Ae_sticticus,3,Train
data/wings-2024/Ae_sticticus/Ae stic 101.tif,Ae_sticticus,3,Train
data/wings-2024/Ae_sticticus/Ae stic 22.tif,Ae_sticticus,3,Train
data/wings-2024/Ae_sticticus/Ae stic 89.tif,Ae_sticticus,3,Train
data/wings-2024/Ae_sticticus/Ae stic 82.tif,Ae_sticticus,3,Train
data/wings-2024/Ae_sticticus/Ae stic 67.tif,Ae_sticticus,3,Train
data/wings-2024/Ae_sticticus/Ae stic 51.tif,Ae_sticticus,3,Train
data/wings-2024/Ae_sticticus/Ae stic 84.tif,Ae_sticticus,3,Train
data/wings-2024/Ae_sticticus/Ae stic 72.tif,Ae_sticticus,3,Train
data/wings-2024/Ae_sticticus/Ae stic 24.tif,Ae_sticticus,3,Train
data/wings-2024/Ae_sticticus/Ae stic 81.tif,Ae_sticticus,3,Train
data/wings-2024/Ae_sticticus/Ae stic 7.tif,Ae_sticticus,3,Train
data/wings-2024/Ae_sticticus/Ae stic 63.tif,Ae_sticticus,3,Train
data/wings-2024/Ae_sticticus/Ae stic 85.tif,Ae_sticticus,3,Train
data/wings-2024/Ae_sticticus/Ae stic 145.tif,Ae_sticticus,3,Train
data/wings-2024/Ae_sticticus/Ae stic 11.tif,Ae_sticticus,3,Train
data/wings-2024/Ae_sticticus/Ae stic 48.tif,Ae_sticticus,3,Train
data/wings-2024/Ae_sticticus/Ae stic 29.tif,Ae_sticticus,3,Train
data/wings-2024/Ae_sticticus/Ae stic 102.tif,Ae_sticticus,3,Train
data/wings-2024/Ae_sticticus/Ae stic 154.tif,Ae_sticticus,3,Train
data/wings-2024/Ae_sticticus/Ae stic 155.tif,Ae_sticticus,3,Train
data/wings-2024/Ae_sticticus/Ae stic 15.tif,Ae_sticticus,3,Train
data/wings-2024/Ae_sticticus/Ae stic 152.tif,Ae_sticticus,3,Train
data/wings-2024/Ae_sticticus/Ae stic 128.tif,Ae_sticticus,3,Train
data/wings-2024/Ae_sticticus/Ae stic 90.tif,Ae_sticticus,3,Train
data/wings-2024/Ae_sticticus/Ae stic 45.tif,Ae_sticticus,3,Train
data/wings-2024/Ae_sticticus/Ae stic 138.tif,Ae_sticticus,3,Train
data/wings-2024/Ae_sticticus/Ae stic 71.tif,Ae_sticticus,3,Train
data/wings-2024/Ae_sticticus/Ae stic 92.tif,Ae_sticticus,3,Train
data/wings-2024/Ae_sticticus/Ae stic 83.tif,Ae_sticticus,3,Train
data/wings-2024/Ae_sticticus/Ae stic 127.tif,Ae_sticticus,3,Train
data/wings-2024/Ae_sticticus/Ae stic 113.tif,Ae_sticticus,3,Train
data/wings-2024/Ae_sticticus/Ae stic 146.tif,Ae_sticticus,3,Train
data/wings-2024/Ae_sticticus/Ae stic 47.tif,Ae_sticticus,3,Train
data/wings-2024/Ae_sticticus/Ae stic 126.tif,Ae_sticticus,3,Train
data/wings-2024/Ae_sticticus/Ae stic 119.tif,Ae_sticticus,3,Train
data/wings-2024/Ae_sticticus/Ae stic 41.tif,Ae_sticticus,3,Train
data/wings-2024/Ae_sticticus/Ae stic 35.tif,Ae_sticticus,3,Train
data/wings-2024/Ae_sticticus/Ae stic 139.tif,Ae_sticticus,3,Train
data/wings-2024/Ae_sticticus/Ae stic 107.tif,Ae_sticticus,3,Train
data/wings-2024/Ae_sticticus/Ae stic 157.tif,Ae_sticticus,3,Train
data/wings-2024/Ae_sticticus/Ae stic 68.tif,Ae_sticticus,3,Train
data/wings-2024/Ae_sticticus/Ae stic 95.tif,Ae_sticticus,3,Train
data/wings-2024/Ae_sticticus/Ae stic 136.tif,Ae_sticticus,3,Train
data/wings-2024/Ae_sticticus/Ae stic 121.tif,Ae_sticticus,3,Train
data/wings-2024/Ae_sticticus/Ae stic 39.tif,Ae_sticticus,3,Train
data/wings-2024/Ae_sticticus/Ae stic 135.tif,Ae_sticticus,3,Train
data/wings-2024/Ae_sticticus/Ae stic 59.tif,Ae_sticticus,3,Train
data/wings-2024/Ae_sticticus/Ae stic 134.tif,Ae_sticticus,3,Train
data/wings-2024/Ae_sticticus/Ae stic 153.tif,Ae_sticticus,3,Train
data/wings-2024/Ae_sticticus/Ae stic 28.tif,Ae_sticticus,3,Train
data/wings-2024/Ae_sticticus/Ae stic 109.tif,Ae_sticticus,3,Train
data/wings-2024/Ae_sticticus/Ae stic 78.tif,Ae_sticticus,3,Train
data/wings-2024/Ae_sticticus/Ae stic 12.tif,Ae_sticticus,3,Train
data/wings-2024/Ae_sticticus/Ae stic 26.tif,Ae_sticticus,3,Train
data/wings-2024/Ae_sticticus/Ae stic 161.tif,Ae_sticticus,3,Train
data/wings-2024/Ae_sticticus/Ae stic 75.tif,Ae_sticticus,3,Train
data/wings-2024/Ae_sticticus/Ae stic 70.tif,Ae_sticticus,3,Train
data/wings-2024/Ae_sticticus/Ae stic 140.tif,Ae_sticticus,3,Train
data/wings-2024/Ae_sticticus/Ae stic 164.tif,Ae_sticticus,3,Train
data/wings-2024/Ae_sticticus/Ae stic 103.tif,Ae_sticticus,3,Train
data/wings-2024/Ae_sticticus/Ae stic 144.tif,Ae_sticticus,3,Train
data/wings-2024/Ae_sticticus/Ae stic 163.tif,Ae_sticticus,3,Train
data/wings-2024/Ae_sticticus/Ae stic 8.tif,Ae_sticticus,3,Train
data/wings-2024/Ae_sticticus/Ae stic 20.tif,Ae_sticticus,3,Train
data/wings-2024/Ae_sticticus/Ae stic 156.tif,Ae_sticticus,3,Train
data/wings-2024/Ae_sticticus/Ae stic 40.tif,Ae_sticticus,3,Train
data/wings-2024/Ae_sticticus/Ae stic 3.tif,Ae_sticticus,3,Train
data/wings-2024/Ae_sticticus/Ae stic 165.tif,Ae_sticticus,3,Train
data/wings-2024/Ae_sticticus/Ae stic 104.tif,Ae_sticticus,3,Train
data/wings-2024/Ae_sticticus/Ae stic 137.tif,Ae_sticticus,3,Train
data/wings-2024/Ae_sticticus/Ae stic 61.tif,Ae_sticticus,3,Train
data/wings-2024/Ae_sticticus/Ae stic 159.tif,Ae_sticticus,3,Train
data/wings-2024/Ae_sticticus/Ae stic 14.tif,Ae_sticticus,3,Train
data/wings-2024/Ae_sticticus/Ae stic 5.tif,Ae_sticticus,3,Train
data/wings-2024/Ae_sticticus/Ae stic 66.tif,Ae_sticticus,3,Train
data/wings-2024/Ae_sticticus/Ae stic 88.tif,Ae_sticticus,3,Train
data/wings-2024/Ae_sticticus/Ae stic 106.tif,Ae_sticticus,3,Train
data/wings-2024/Ae_sticticus/Ae stic 141.tif,Ae_sticticus,3,Train
data/wings-2024/Ae_sticticus/Ae stic 125.tif,Ae_sticticus,3,Train
data/wings-2024/Ae_sticticus/Ae stic 60.tif,Ae_sticticus,3,Train
data/wings-2024/Ae_sticticus/Ae stic 4.tif,Ae_sticticus,3,Train
data/wings-2024/Ae_sticticus/Ae stic 96.tif,Ae_sticticus,3,Train
data/wings-2024/Ae_sticticus/Ae stic 93.tif,Ae_sticticus,3,Train
data/wings-2024/Ae_sticticus/Ae stic 43.tif,Ae_sticticus,3,Train
data/wings-2024/Ae_sticticus/Ae stic 6.tif,Ae_sticticus,3,Train
data/wings-2024/Ae_sticticus/Ae stic 160.tif,Ae_sticticus,3,Train
data/wings-2024/Ae_sticticus/Ae stic 33.tif,Ae_sticticus,3,Train
data/wings-2024/Ae_sticticus/Ae stic 25.tif,Ae_sticticus,3,Train
data/wings-2024/Ae_sticticus/Ae stic 56.tif,Ae_sticticus,3,Train
data/wings-2024/Ae_sticticus/Ae stic 148.tif,Ae_sticticus,3,Train
data/wings-2024/Ae_sticticus/Ae stic 162.tif,Ae_sticticus,3,Train
data/wings-2024/Ae_sticticus/Ae stic 30.tif,Ae_sticticus,3,Train
data/wings-2024/Ae_sticticus/Ae stic 38.tif,Ae_sticticus,3,Train
data/wings-2024/Ae_sticticus/Ae stic 98.tif,Ae_sticticus,3,Train
data/wings-2024/Ae_sticticus/Ae stic 18.tif,Ae_sticticus,3,Train
data/wings-2024/Ae_sticticus/Ae stic 130.tif,Ae_sticticus,3,Train
data/wings-2024/Ae_sticticus/Ae stic 62.tif,Ae_sticticus,3,Train
data/wings-2024/Ae_sticticus/Ae stic 87.tif,Ae_sticticus,3,Train
data/wings-2024/Ae_sticticus/Ae stic 118.tif,Ae_sticticus,3,Train
data/wings-2024/Ae_sticticus/Ae stic 112.tif,Ae_sticticus,3,Train
data/wings-2024/Ae_sticticus/Ae stic 64.tif,Ae_sticticus,3,Train
data/wings-2024/Ae_sticticus/Ae stic 149.tif,Ae_sticticus,3,Train
data/wings-2024/Ae_sticticus/Ae stic 97.tif,Ae_sticticus,3,Train
data/wings-2024/Ae_sticticus/Ae stic 132.tif,Ae_sticticus,3,Train
data/wings-2024/Ae_sticticus/Ae stic 52.tif,Ae_sticticus,3,Train
data/wings-2024/Ae_sticticus/Ae stic 120.tif,Ae_sticticus,3,Train
data/wings-2024/Ae_sticticus/Ae stic 32.tif,Ae_sticticus,3,Train
data/wings-2024/Ae_sticticus/Ae stic 23.tif,Ae_sticticus,3,Train
data/wings-2024/Ae_sticticus/Ae stic 77.tif,Ae_sticticus,3,Train
data/wings-2024/Ae_sticticus/Ae stic 123.tif,Ae_sticticus,3,Train
data/wings-2024/Ae_sticticus/Ae stic 80.tif,Ae_sticticus,3,Train
data/wings-2024/Ae_sticticus/Ae stic 99.tif,Ae_sticticus,3,Train
data/wings-2024/Ae_sticticus/Ae stic 74.tif,Ae_sticticus,3,Train
data/wings-2024/Ae_sticticus/Ae stic 114.tif,Ae_sticticus,3,Train
data/wings-2024/Ae_sticticus/Ae stic 57.tif,Ae_sticticus,3,Train
data/wings-2024/Ae_sticticus/Ae stic 34.tif,Ae_sticticus,3,Train
data/wings-2024/Ae_sticticus/Ae stic 131.tif,Ae_sticticus,3,Train
data/wings-2024/Ae_sticticus/Ae stic 19.tif,Ae_sticticus,3,Train
data/wings-2024/Ae_sticticus/Ae stic 100.tif,Ae_sticticus,3,Train
data/wings-2024/Ae_sticticus/Ae stic 1.tif,Ae_sticticus,3,Train
data/wings-2024/Ae_sticticus/Ae stic 9.tif,Ae_sticticus,3,Train
data/wings-2024/Ae_sticticus/Ae stic 73.tif,Ae_sticticus,3,Train
data/wings-2024/Ae_sticticus/Ae stic 111.tif,Ae_sticticus,3,Train
data/wings-2024/Ae_sticticus/Ae stic 58.tif,Ae_sticticus,3,Train
data/wings-2024/Ae_sticticus/Ae stic 17.tif,Ae_sticticus,3,Train
data/wings-2024/Ae_sticticus/Ae stic 55.tif,Ae_sticticus,3,Train
data/wings-2024/Ae_sticticus/Ae stic 116.tif,Ae_sticticus,3,Train
data/wings-2024/Ae_sticticus/Ae stic 94.tif,Ae_sticticus,3,Train
data/wings-2024/Ae_sticticus/Ae stic 124.tif,Ae_sticticus,3,Train
data/wings-2024/Ae_vexans/Ae vex 104.tif,Ae_vexans,4,Train
data/wings-2024/Ae_vexans/Ae vex 162.tif,Ae_vexans,4,Train
data/wings-2024/Ae_vexans/Ae vex 6.tif,Ae_vexans,4,Train
data/wings-2024/Ae_vexans/Ae vex 135.tif,Ae_vexans,4,Train
data/wings-2024/Ae_vexans/Ae vex 41.tif,Ae_vexans,4,Train
data/wings-2024/Ae_vexans/Ae vex 120.tif,Ae_vexans,4,Train
data/wings-2024/Ae_vexans/Ae vex 19.tif,Ae_vexans,4,Train
data/wings-2024/Ae_vexans/Ae vex 83.tif,Ae_vexans,4,Train
data/wings-2024/Ae_vexans/Ae vex 27.tif,Ae_vexans,4,Train
data/wings-2024/Ae_vexans/Ae vex 87.tif,Ae_vexans,4,Train
data/wings-2024/Ae_vexans/Ae vex 77.tif,Ae_vexans,4,Train
data/wings-2024/Ae_vexans/Ae vex 90.tif,Ae_vexans,4,Train
data/wings-2024/Ae_vexans/Ae vex 40.tif,Ae_vexans,4,Train
data/wings-2024/Ae_vexans/Ae vex 105.tif,Ae_vexans,4,Train
data/wings-2024/Ae_vexans/Ae vex 155.tif,Ae_vexans,4,Train
data/wings-2024/Ae_vexans/Ae vex 21.tif,Ae_vexans,4,Train
data/wings-2024/Ae_vexans/Ae vex 130.tif,Ae_vexans,4,Train
data/wings-2024/Ae_vexans/Ae vex 25.tif,Ae_vexans,4,Train
data/wings-2024/Ae_vexans/Ae vex 102.tif,Ae_vexans,4,Train
data/wings-2024/Ae_vexans/Ae vex 153.tif,Ae_vexans,4,Train
data/wings-2024/Ae_vexans/Ae vex 16.tif,Ae_vexans,4,Train
data/wings-2024/Ae_vexans/Ae vex 30.tif,Ae_vexans,4,Train
data/wings-2024/Ae_vexans/Ae vex 158.tif,Ae_vexans,4,Train
data/wings-2024/Ae_vexans/Ae vex 42.tif,Ae_vexans,4,Train
data/wings-2024/Ae_vexans/Ae vex 10.tif,Ae_vexans,4,Train
data/wings-2024/Ae_vexans/Ae vex 13.tif,Ae_vexans,4,Train
data/wings-2024/Ae_vexans/Ae vex 36.tif,Ae_vexans,4,Train
data/wings-2024/Ae_vexans/Ae vex 138.tif,Ae_vexans,4,Train
data/wings-2024/Ae_vexans/Ae vex 136.tif,Ae_vexans,4,Train
data/wings-2024/Ae_vexans/Ae vex 24.tif,Ae_vexans,4,Train
data/wings-2024/Ae_vexans/Ae vex 17.tif,Ae_vexans,4,Train
data/wings-2024/Ae_vexans/Ae vex 50.tif,Ae_vexans,4,Train
data/wings-2024/Ae_vexans/Ae vex 149.tif,Ae_vexans,4,Train
data/wings-2024/Ae_vexans/Ae vex 157.tif,Ae_vexans,4,Train
data/wings-2024/Ae_vexans/Ae vex 59.tif,Ae_vexans,4,Train
data/wings-2024/Ae_vexans/Ae vex 91.tif,Ae_vexans,4,Train
data/wings-2024/Ae_vexans/Ae vex 1.tif,Ae_vexans,4,Train
data/wings-2024/Ae_vexans/Ae vex 57.tif,Ae_vexans,4,Train
data/wings-2024/Ae_vexans/Ae vex 22.tif,Ae_vexans,4,Train
data/wings-2024/Ae_vexans/Ae vex 166.tif,Ae_vexans,4,Train
data/wings-2024/Ae_vexans/Ae vex 118.tif,Ae_vexans,4,Train
data/wings-2024/Ae_vexans/Ae vex 2.tif,Ae_vexans,4,Train
data/wings-2024/Ae_vexans/Ae vex 97.tif,Ae_vexans,4,Train
data/wings-2024/Ae_vexans/Ae vex 39.tif,Ae_vexans,4,Train
data/wings-2024/Ae_vexans/Ae vex 163.tif,Ae_vexans,4,Train
data/wings-2024/Ae_vexans/Ae vex 150.tif,Ae_vexans,4,Train
data/wings-2024/Ae_vexans/Ae vex 154.tif,Ae_vexans,4,Train
data/wings-2024/Ae_vexans/Ae vex 32.tif,Ae_vexans,4,Train
data/wings-2024/Ae_vexans/Ae vex 4.tif,Ae_vexans,4,Train
data/wings-2024/Ae_vexans/Ae vex 122.tif,Ae_vexans,4,Train
data/wings-2024/Ae_vexans/Ae vex 85.tif,Ae_vexans,4,Train
data/wings-2024/Ae_vexans/Ae vex 165.tif,Ae_vexans,4,Train
data/wings-2024/Ae_vexans/Ae vex 74.tif,Ae_vexans,4,Train
data/wings-2024/Ae_vexans/Ae vex 125.tif,Ae_vexans,4,Train
data/wings-2024/Ae_vexans/Ae vex 113.tif,Ae_vexans,4,Train
data/wings-2024/Ae_vexans/Ae vex 133.tif,Ae_vexans,4,Train
data/wings-2024/Ae_vexans/Ae vex 71.tif,Ae_vexans,4,Train
data/wings-2024/Ae_vexans/Ae vex 111.tif,Ae_vexans,4,Train
data/wings-2024/Ae_vexans/Ae vex 144.tif,Ae_vexans,4,Train
data/wings-2024/Ae_vexans/Ae vex 93.tif,Ae_vexans,4,Train
data/wings-2024/Ae_vexans/Ae vex 79.tif,Ae_vexans,4,Train
data/wings-2024/Ae_vexans/Ae vex 128.tif,Ae_vexans,4,Train
data/wings-2024/Ae_vexans/Ae vex 3.tif,Ae_vexans,4,Train
data/wings-2024/Ae_vexans/Ae vex 139.tif,Ae_vexans,4,Train
data/wings-2024/Ae_vexans/Ae vex 20.tif,Ae_vexans,4,Train
data/wings-2024/Ae_vexans/Ae vex 146.tif,Ae_vexans,4,Train
data/wings-2024/Ae_vexans/Ae vex 65.tif,Ae_vexans,4,Train
data/wings-2024/Ae_vexans/Ae vex 110.tif,Ae_vexans,4,Train
data/wings-2024/Ae_vexans/Ae vex 69.tif,Ae_vexans,4,Train
data/wings-2024/Ae_vexans/Ae vex 75.tif,Ae_vexans,4,Train
data/wings-2024/Ae_vexans/Ae vex 70.tif,Ae_vexans,4,Train
data/wings-2024/Ae_vexans/Ae vex 109.tif,Ae_vexans,4,Train
data/wings-2024/Ae_vexans/Ae vex 148.tif,Ae_vexans,4,Train
data/wings-2024/Ae_vexans/Ae vex 98.tif,Ae_vexans,4,Train
data/wings-2024/Ae_vexans/Ae vex 8.tif,Ae_vexans,4,Train
data/wings-2024/Ae_vexans/Ae vex 143.tif,Ae_vexans,4,Train
data/wings-2024/Ae_vexans/Ae vex 35.tif,Ae_vexans,4,Train
data/wings-2024/Ae_vexans/Ae vex 96.tif,Ae_vexans,4,Train
data/wings-2024/Ae_vexans/Ae vex 51.tif,Ae_vexans,4,Train
data/wings-2024/Ae_vexans/Ae vex 107.tif,Ae_vexans,4,Train
data/wings-2024/Ae_vexans/Ae vex 68.tif,Ae_vexans,4,Train
data/wings-2024/Ae_vexans/Ae vex 56.tif,Ae_vexans,4,Train
data/wings-2024/Ae_vexans/Ae vex 55.tif,Ae_vexans,4,Train
data/wings-2024/Ae_vexans/Ae vex 152.tif,Ae_vexans,4,Train
data/wings-2024/Ae_vexans/Ae vex 92.tif,Ae_vexans,4,Train
data/wings-2024/Ae_vexans/Ae vex 67.tif,Ae_vexans,4,Train
data/wings-2024/Ae_vexans/Ae vex 147.tif,Ae_vexans,4,Train
data/wings-2024/Ae_vexans/Ae vex 89.tif,Ae_vexans,4,Train
data/wings-2024/Ae_vexans/Ae vex 81.tif,Ae_vexans,4,Train
data/wings-2024/Ae_vexans/Ae vex 58.tif,Ae_vexans,4,Train
data/wings-2024/Ae_vexans/Ae vex 145.tif,Ae_vexans,4,Train
data/wings-2024/Ae_vexans/Ae vex 82.tif,Ae_vexans,4,Train
data/wings-2024/Ae_vexans/Ae vex 12.tif,Ae_vexans,4,Train
data/wings-2024/Ae_vexans/Ae vex 48.tif,Ae_vexans,4,Train
data/wings-2024/Ae_vexans/Ae vex 34.tif,Ae_vexans,4,Train
data/wings-2024/Ae_vexans/Ae vex 164.tif,Ae_vexans,4,Train
data/wings-2024/Ae_vexans/Ae vex 46.tif,Ae_vexans,4,Train
data/wings-2024/Ae_vexans/Ae vex 103.tif,Ae_vexans,4,Train
data/wings-2024/Ae_vexans/Ae vex 72.tif,Ae_vexans,4,Train
data/wings-2024/Ae_vexans/Ae vex 151.tif,Ae_vexans,4,Train
data/wings-2024/Ae_vexans/Ae vex 45.tif,Ae_vexans,4,Train
data/wings-2024/Ae_vexans/Ae vex 137.tif,Ae_vexans,4,Train
data/wings-2024/Ae_vexans/Ae vex 11.tif,Ae_vexans,4,Train
data/wings-2024/Ae_vexans/Ae vex 116.tif,Ae_vexans,4,Train
data/wings-2024/Ae_vexans/Ae vex 106.tif,Ae_vexans,4,Train
data/wings-2024/Ae_vexans/Ae vex 66.tif,Ae_vexans,4,Train
data/wings-2024/Ae_vexans/Ae vex 53.tif,Ae_vexans,4,Train
data/wings-2024/Ae_vexans/Ae vex 114.tif,Ae_vexans,4,Train
data/wings-2024/Ae_vexans/Ae vex 84.tif,Ae_vexans,4,Train
data/wings-2024/Ae_vexans/Ae vex 73.tif,Ae_vexans,4,Train
data/wings-2024/Ae_vexans/Ae vex 159.tif,Ae_vexans,4,Train
data/wings-2024/Ae_vexans/Ae vex 33.tif,Ae_vexans,4,Train
data/wings-2024/Ae_vexans/Ae vex 61.tif,Ae_vexans,4,Train
data/wings-2024/Ae_vexans/Ae vex 28.tif,Ae_vexans,4,Train
data/wings-2024/Ae_vexans/Ae vex 78.tif,Ae_vexans,4,Train
data/wings-2024/Ae_vexans/Ae vex 63.tif,Ae_vexans,4,Train
data/wings-2024/Ae_vexans/Ae vex 54.tif,Ae_vexans,4,Train
data/wings-2024/Ae_vexans/Ae vex 95.tif,Ae_vexans,4,Train
data/wings-2024/Ae_vexans/Ae vex 47.tif,Ae_vexans,4,Train
data/wings-2024/Ae_vexans/Ae vex 86.tif,Ae_vexans,4,Train
data/wings-2024/Ae_vexans/Ae vex 76.tif,Ae_vexans,4,Train
data/wings-2024/Ae_vexans/Ae vex 123.tif,Ae_vexans,4,Train
data/wings-2024/Ae_vexans/Ae vex 112.tif,Ae_vexans,4,Train
data/wings-2024/Ae_vexans/Ae vex 131.tif,Ae_vexans,4,Train
data/wings-2024/Ae_vexans/Ae vex 18.tif,Ae_vexans,4,Train
data/wings-2024/Ae_vexans/Ae vex 88.tif,Ae_vexans,4,Train
data/wings-2024/Ae_vexans/Ae vex 119.tif,Ae_vexans,4,Train
data/wings-2024/Ae_vexans/Ae vex 94.tif,Ae_vexans,4,Train
data/wings-2024/Ae_vexans/Ae vex 134.tif,Ae_vexans,4,Train
data/wings-2024/Ae_vexans/Ae vex 31.tif,Ae_vexans,4,Train
data/wings-2024/Ae_vexans/Ae vex 156.tif,Ae_vexans,4,Train
data/wings-2024/Ae_vexans/Ae vex 62.tif,Ae_vexans,4,Train
data/wings-2024/Ae_rusticus/Ae rus 17.tif,Ae_rusticus,5,Train
data/wings-2024/Ae_rusticus/Ae rus 7.tif,Ae_rusticus,5,Train
data/wings-2024/Ae_rusticus/Ae rus 149.tif,Ae_rusticus,5,Train
data/wings-2024/Ae_rusticus/Ae rus 89.tif,Ae_rusticus,5,Train
data/wings-2024/Ae_rusticus/Ae rus 26.tif,Ae_rusticus,5,Train
data/wings-2024/Ae_rusticus/Ae rus 50.tif,Ae_rusticus,5,Train
data/wings-2024/Ae_rusticus/Ae rus 40.tif,Ae_rusticus,5,Train
data/wings-2024/Ae_rusticus/Ae rus 43.tif,Ae_rusticus,5,Train
data/wings-2024/Ae_rusticus/Ae rus 21.tif,Ae_rusticus,5,Train
data/wings-2024/Ae_rusticus/Ae rus 36.tif,Ae_rusticus,5,Train
data/wings-2024/Ae_rusticus/Ae rus 123.tif,Ae_rusticus,5,Train
data/wings-2024/Ae_rusticus/Ae rus 35.tif,Ae_rusticus,5,Train
data/wings-2024/Ae_rusticus/Ae rus 101.tif,Ae_rusticus,5,Train
data/wings-2024/Ae_rusticus/Ae rus 85.tif,Ae_rusticus,5,Train
data/wings-2024/Ae_rusticus/Ae rus 82.tif,Ae_rusticus,5,Train
data/wings-2024/Ae_rusticus/Ae rus 70.tif,Ae_rusticus,5,Train
data/wings-2024/Ae_rusticus/Ae rus 126.tif,Ae_rusticus,5,Train
data/wings-2024/Ae_rusticus/Ae rus 88.tif,Ae_rusticus,5,Train
data/wings-2024/Ae_rusticus/Ae rus 94.tif,Ae_rusticus,5,Train
data/wings-2024/Ae_rusticus/Ae rus 121.tif,Ae_rusticus,5,Train
data/wings-2024/Ae_rusticus/Ae rus 117.tif,Ae_rusticus,5,Train
data/wings-2024/Ae_rusticus/Ae rus 165.tif,Ae_rusticus,5,Train
data/wings-2024/Ae_rusticus/Ae rus 47.tif,Ae_rusticus,5,Train
data/wings-2024/Ae_rusticus/Ae rus 55.tif,Ae_rusticus,5,Train
data/wings-2024/Ae_rusticus/Ae rus 127.tif,Ae_rusticus,5,Train
data/wings-2024/Ae_rusticus/Ae rus 104.tif,Ae_rusticus,5,Train
data/wings-2024/Ae_rusticus/Ae rus 4.tif,Ae_rusticus,5,Train
data/wings-2024/Ae_rusticus/Ae rus 73.tif,Ae_rusticus,5,Train
data/wings-2024/Ae_rusticus/Ae rus 52.tif,Ae_rusticus,5,Train
data/wings-2024/Ae_rusticus/Ae rus 81.tif,Ae_rusticus,5,Train
data/wings-2024/Ae_rusticus/Ae rus 28.tif,Ae_rusticus,5,Train
data/wings-2024/Ae_rusticus/Ae rus 25.tif,Ae_rusticus,5,Train
data/wings-2024/Ae_rusticus/Ae rus 114.tif,Ae_rusticus,5,Train
data/wings-2024/Ae_rusticus/Ae rus 78.tif,Ae_rusticus,5,Train
data/wings-2024/Ae_rusticus/Ae rus 51.tif,Ae_rusticus,5,Train
data/wings-2024/Ae_rusticus/Ae rus 32.tif,Ae_rusticus,5,Train
data/wings-2024/Ae_rusticus/Ae rus 140.tif,Ae_rusticus,5,Train
data/wings-2024/Ae_rusticus/Ae rus 54.tif,Ae_rusticus,5,Train
data/wings-2024/Ae_rusticus/Ae rus 23.tif,Ae_rusticus,5,Train
data/wings-2024/Ae_rusticus/Ae rus 30.tif,Ae_rusticus,5,Train
data/wings-2024/Ae_rusticus/Ae rus 84.tif,Ae_rusticus,5,Train
data/wings-2024/Ae_rusticus/Ae rus 42.tif,Ae_rusticus,5,Train
data/wings-2024/Ae_rusticus/Ae rus 68.tif,Ae_rusticus,5,Train
data/wings-2024/Ae_rusticus/Ae rus 122.tif,Ae_rusticus,5,Train
data/wings-2024/Ae_rusticus/Ae rus 2.tif,Ae_rusticus,5,Train
data/wings-2024/Ae_rusticus/Ae rus 59.tif,Ae_rusticus,5,Train
data/wings-2024/Ae_rusticus/Ae rus 31.tif,Ae_rusticus,5,Train
data/wings-2024/Ae_rusticus/Ae rus 65.tif,Ae_rusticus,5,Train
data/wings-2024/Ae_rusticus/Ae rus 112.tif,Ae_rusticus,5,Train
data/wings-2024/Ae_rusticus/Ae rus 15.tif,Ae_rusticus,5,Train
data/wings-2024/Ae_rusticus/Ae rus 13.tif,Ae_rusticus,5,Train
data/wings-2024/Ae_rusticus/Ae rus 162.tif,Ae_rusticus,5,Train
data/wings-2024/Ae_rusticus/Ae rus 66.tif,Ae_rusticus,5,Train
data/wings-2024/Ae_rusticus/Ae rus 113.tif,Ae_rusticus,5,Train
data/wings-2024/Ae_rusticus/Ae rus 110.tif,Ae_rusticus,5,Train
data/wings-2024/Ae_rusticus/Ae rus 152.tif,Ae_rusticus,5,Train
data/wings-2024/Ae_rusticus/Ae rus 115.tif,Ae_rusticus,5,Train
data/wings-2024/Ae_rusticus/Ae rus 132.tif,Ae_rusticus,5,Train
data/wings-2024/Ae_rusticus/Ae rus 67.tif,Ae_rusticus,5,Train
data/wings-2024/Ae_rusticus/Ae rus 144.tif,Ae_rusticus,5,Train
data/wings-2024/Ae_rusticus/Ae rus 14.tif,Ae_rusticus,5,Train
data/wings-2024/Ae_rusticus/Ae rus 95.tif,Ae_rusticus,5,Train
data/wings-2024/Ae_rusticus/Ae rus 103.tif,Ae_rusticus,5,Train
data/wings-2024/Ae_rusticus/Ae rus 158.tif,Ae_rusticus,5,Train
data/wings-2024/Ae_rusticus/Ae rus 138.tif,Ae_rusticus,5,Train
data/wings-2024/Ae_rusticus/Ae rus 74.tif,Ae_rusticus,5,Train
data/wings-2024/Ae_rusticus/Ae rus 60.tif,Ae_rusticus,5,Train
data/wings-2024/Ae_rusticus/Ae rus 93.tif,Ae_rusticus,5,Train
data/wings-2024/Ae_rusticus/Ae rus 62.tif,Ae_rusticus,5,Train
data/wings-2024/Ae_rusticus/Ae rus 96.tif,Ae_rusticus,5,Train
data/wings-2024/Ae_rusticus/Ae rus 20.tif,Ae_rusticus,5,Train
data/wings-2024/Ae_rusticus/Ae rus 111.tif,Ae_rusticus,5,Train
data/wings-2024/Ae_rusticus/Ae rus 139.tif,Ae_rusticus,5,Train
data/wings-2024/Ae_rusticus/Ae rus 157.tif,Ae_rusticus,5,Train
data/wings-2024/Ae_rusticus/Ae rus 22.tif,Ae_rusticus,5,Train
data/wings-2024/Ae_rusticus/Ae rus 120.tif,Ae_rusticus,5,Train
data/wings-2024/Ae_rusticus/Ae rus 87.tif,Ae_rusticus,5,Train
data/wings-2024/Ae_rusticus/Ae rus 57.tif,Ae_rusticus,5,Train
data/wings-2024/Ae_rusticus/Ae rus 64.tif,Ae_rusticus,5,Train
data/wings-2024/Ae_rusticus/Ae rus 105.tif,Ae_rusticus,5,Train
data/wings-2024/Ae_rusticus/Ae rus 97.tif,Ae_rusticus,5,Train
data/wings-2024/Ae_rusticus/Ae rus 98.tif,Ae_rusticus,5,Train
data/wings-2024/Ae_rusticus/Ae rus 61.tif,Ae_rusticus,5,Train
data/wings-2024/Ae_rusticus/Ae rus 109.tif,Ae_rusticus,5,Train
data/wings-2024/Ae_rusticus/Ae rus 108.tif,Ae_rusticus,5,Train
data/wings-2024/Ae_rusticus/Ae rus 80.tif,Ae_rusticus,5,Train
data/wings-2024/Ae_rusticus/Ae rus 63.tif,Ae_rusticus,5,Train
data/wings-2024/Ae_rusticus/Ae rus 159.tif,Ae_rusticus,5,Train
data/wings-2024/Ae_rusticus/Ae rus 24.tif,Ae_rusticus,5,Train
data/wings-2024/Ae_rusticus/Ae rus 129.tif,Ae_rusticus,5,Train
data/wings-2024/Ae_rusticus/Ae rus 86.tif,Ae_rusticus,5,Train
data/wings-2024/Ae_rusticus/Ae rus 34.tif,Ae_rusticus,5,Train
data/wings-2024/Ae_rusticus/Ae rus 6.tif,Ae_rusticus,5,Train
data/wings-2024/Ae_rusticus/Ae rus 142.tif,Ae_rusticus,5,Train
data/wings-2024/Ae_rusticus/Ae rus 134.tif,Ae_rusticus,5,Train
data/wings-2024/Ae_rusticus/Ae rus 100.tif,Ae_rusticus,5,Train
data/wings-2024/Ae_rusticus/Ae rus 49.tif,Ae_rusticus,5,Train
data/wings-2024/Ae_rusticus/Ae rus 133.tif,Ae_rusticus,5,Train
data/wings-2024/Ae_rusticus/Ae rus 39.tif,Ae_rusticus,5,Train
data/wings-2024/Ae_rusticus/Ae rus 75.tif,Ae_rusticus,5,Train
data/wings-2024/Ae_rusticus/Ae rus 48.tif,Ae_rusticus,5,Train
data/wings-2024/Ae_rusticus/Ae rus 107.tif,Ae_rusticus,5,Train
data/wings-2024/Ae_rusticus/Ae rus 128.tif,Ae_rusticus,5,Train
data/wings-2024/Ae_rusticus/Ae rus 10.tif,Ae_rusticus,5,Train
data/wings-2024/Ae_rusticus/Ae rus 1.tif,Ae_rusticus,5,Train
data/wings-2024/Ae_rusticus/Ae rus 155.tif,Ae_rusticus,5,Train
data/wings-2024/Ae_rusticus/Ae rus 135.tif,Ae_rusticus,5,Train
data/wings-2024/Ae_rusticus/Ae rus 18.tif,Ae_rusticus,5,Train
data/wings-2024/Ae_rusticus/Ae rus 41.tif,Ae_rusticus,5,Train
data/wings-2024/Ae_rusticus/Ae rus 161.tif,Ae_rusticus,5,Train
data/wings-2024/Ae_rusticus/Ae rus 12.tif,Ae_rusticus,5,Train
data/wings-2024/Ae_rusticus/Ae rus 106.tif,Ae_rusticus,5,Train
data/wings-2024/Ae_rusticus/Ae rus 8.tif,Ae_rusticus,5,Train
data/wings-2024/Ae_rusticus/Ae rus 163.tif,Ae_rusticus,5,Train
data/wings-2024/Ae_rusticus/Ae rus 44.tif,Ae_rusticus,5,Train
data/wings-2024/Ae_rusticus/Ae rus 131.tif,Ae_rusticus,5,Train
data/wings-2024/Ae_rusticus/Ae rus 153.tif,Ae_rusticus,5,Train
data/wings-2024/Ae_rusticus/Ae rus 154.tif,Ae_rusticus,5,Train
data/wings-2024/Ae_rusticus/Ae rus 145.tif,Ae_rusticus,5,Train
data/wings-2024/Ae_rusticus/Ae rus 116.tif,Ae_rusticus,5,Train
data/wings-2024/Ae_rusticus/Ae rus 151.tif,Ae_rusticus,5,Train
data/wings-2024/Ae_rusticus/Ae rus 79.tif,Ae_rusticus,5,Train
data/wings-2024/Ae_rusticus/Ae rus 53.tif,Ae_rusticus,5,Train
data/wings-2024/Ae_rusticus/Ae rus 118.tif,Ae_rusticus,5,Train
data/wings-2024/Ae_rusticus/Ae rus 72.tif,Ae_rusticus,5,Train
data/wings-2024/Ae_rusticus/Ae rus 76.tif,Ae_rusticus,5,Train
data/wings-2024/Ae_rusticus/Ae rus 146.tif,Ae_rusticus,5,Train
data/wings-2024/Ae_rusticus/Ae rus 77.tif,Ae_rusticus,5,Train
data/wings-2024/Ae_rusticus/Ae rus 137.tif,Ae_rusticus,5,Train
data/wings-2024/Ae_rusticus/Ae rus 46.tif,Ae_rusticus,5,Train
data/wings-2024/Ae_rusticus/Ae rus 141.tif,Ae_rusticus,5,Train
data/wings-2024/Ae_rusticus/Ae rus 156.tif,Ae_rusticus,5,Train
data/wings-2024/Ae_albopictus/Ae.albo_24_F_R.tif,Ae_albopictus,6,Train
data/wings-2024/Ae_albopictus/Ae.albo_83_F_R.tif,Ae_albopictus,6,Train
data/wings-2024/Ae_albopictus/Ae.albo_129_F_R.tif,Ae_albopictus,6,Train
data/wings-2024/Ae_albopictus/Ae.albo_6_F_R.tif,Ae_albopictus,6,Train
data/wings-2024/Ae_albopictus/Ae.albo_69_F_R.tif,Ae_albopictus,6,Train
data/wings-2024/Ae_albopictus/Ae.albo_76_F_R.tif,Ae_albopictus,6,Train
data/wings-2024/Ae_albopictus/Ae.albo_58_F_R.tif,Ae_albopictus,6,Train
data/wings-2024/Ae_albopictus/Ae.albo_44_F_R.tif,Ae_albopictus,6,Train
data/wings-2024/Ae_albopictus/Ae.albo_168_F_R.tif,Ae_albopictus,6,Train
data/wings-2024/Ae_albopictus/Ae.albo_151_F_R.tif,Ae_albopictus,6,Train
data/wings-2024/Ae_albopictus/Ae.albo_208_F_R.tif,Ae_albopictus,6,Train
data/wings-2024/Ae_albopictus/Ae.albo_13_F_R.tif,Ae_albopictus,6,Train
data/wings-2024/Ae_albopictus/Ae.albo_147_F_R.tif,Ae_albopictus,6,Train
data/wings-2024/Ae_albopictus/Ae.albo_142_F_R.tif,Ae_albopictus,6,Train
data/wings-2024/Ae_albopictus/Ae.albo_210_F_R.tif,Ae_albopictus,6,Train
data/wings-2024/Ae_albopictus/Ae.albo_41_F_R.tif,Ae_albopictus,6,Train
data/wings-2024/Ae_albopictus/Ae.albo_127_F_R.tif,Ae_albopictus,6,Train
data/wings-2024/Ae_albopictus/Ae.albo_49_F_R.tif,Ae_albopictus,6,Train
data/wings-2024/Ae_albopictus/Ae.albo_93_F_R.tif,Ae_albopictus,6,Train
data/wings-2024/Ae_albopictus/Ae.albo_29_F_R.tif,Ae_albopictus,6,Train
data/wings-2024/Ae_albopictus/Ae.albo_48_F_R.tif,Ae_albopictus,6,Train
data/wings-2024/Ae_albopictus/Ae.albo_40_F_R.tif,Ae_albopictus,6,Train
data/wings-2024/Ae_albopictus/Ae.albo_107_F_R.tif,Ae_albopictus,6,Train
data/wings-2024/Ae_albopictus/Ae.albo_98_F_R.tif,Ae_albopictus,6,Train
data/wings-2024/Ae_albopictus/Ae.albo_92_F_R.tif,Ae_albopictus,6,Train
data/wings-2024/Ae_albopictus/Ae.albo_22_F_R.tif,Ae_albopictus,6,Train
data/wings-2024/Ae_albopictus/Ae.albo_148_F_R.tif,Ae_albopictus,6,Train
data/wings-2024/Ae_albopictus/Ae.albo_121_F_R.tif,Ae_albopictus,6,Train
data/wings-2024/Ae_albopictus/Ae.albo_112_F_R.tif,Ae_albopictus,6,Train
data/wings-2024/Ae_albopictus/Ae.albo_149_F_R.tif,Ae_albopictus,6,Train
data/wings-2024/Ae_albopictus/Ae.albo_36_F_R.tif,Ae_albopictus,6,Train
data/wings-2024/Ae_albopictus/Ae.albo_42_F_R.tif,Ae_albopictus,6,Train
data/wings-2024/Ae_albopictus/Ae.albo_62_F_R.tif,Ae_albopictus,6,Train
data/wings-2024/Ae_albopictus/Ae.albo_183_F_R.tif,Ae_albopictus,6,Train
data/wings-2024/Ae_albopictus/Ae.albo_10_F_R.tif,Ae_albopictus,6,Train
data/wings-2024/Ae_albopictus/Ae.albo_97_F_R.tif,Ae_albopictus,6,Train
data/wings-2024/Ae_albopictus/Ae.albo_162_F_R.tif,Ae_albopictus,6,Train
data/wings-2024/Ae_albopictus/Ae.albo_70_F_R.tif,Ae_albopictus,6,Train
data/wings-2024/Ae_albopictus/Ae.albo_104_F_R.tif,Ae_albopictus,6,Train
data/wings-2024/Ae_albopictus/Ae.albo_179_F_R.tif,Ae_albopictus,6,Train
data/wings-2024/Ae_albopictus/Ae.albo_32_F_R.tif,Ae_albopictus,6,Train
data/wings-2024/Ae_albopictus/Ae.albo_192_F_R.tif,Ae_albopictus,6,Train
data/wings-2024/Ae_albopictus/Ae.albo_226_F_R.tif,Ae_albopictus,6,Train
data/wings-2024/Ae_albopictus/Ae.albo_223_F_R.tif,Ae_albopictus,6,Train
data/wings-2024/Ae_albopictus/Ae.albo_25_F_R.tif,Ae_albopictus,6,Train
data/wings-2024/Ae_albopictus/Ae.albo_220_F_R.tif,Ae_albopictus,6,Train
data/wings-2024/Ae_albopictus/Ae.albo_109_F_R.tif,Ae_albopictus,6,Train
data/wings-2024/Ae_albopictus/Ae.albo_219_F_R.tif,Ae_albopictus,6,Train
data/wings-2024/Ae_albopictus/Ae.albo_90_F_R.tif,Ae_albopictus,6,Train
data/wings-2024/Ae_albopictus/Ae.albo_196_F_R.tif,Ae_albopictus,6,Train
data/wings-2024/Ae_albopictus/Ae.albo_2_F_R.tif,Ae_albopictus,6,Train
data/wings-2024/Ae_albopictus/Ae.albo_45_F_R.tif,Ae_albopictus,6,Train
data/wings-2024/Ae_albopictus/Ae.albo_37_F_R.tif,Ae_albopictus,6,Train
data/wings-2024/Ae_albopictus/Ae.albo_222_F_R.tif,Ae_albopictus,6,Train
data/wings-2024/Ae_albopictus/Ae.albo_204_F_R.tif,Ae_albopictus,6,Train
data/wings-2024/Ae_albopictus/Ae.albo_50_F_R.tif,Ae_albopictus,6,Train
data/wings-2024/Ae_albopictus/Ae.albo_233_F_R.tif,Ae_albopictus,6,Train
data/wings-2024/Ae_albopictus/Ae.albo_217_F_R.tif,Ae_albopictus,6,Train
data/wings-2024/Ae_albopictus/Ae.albo_229_F_R.tif,Ae_albopictus,6,Train
data/wings-2024/Ae_albopictus/Ae.albo_155_F_R.tif,Ae_albopictus,6,Train
data/wings-2024/Ae_albopictus/Ae.albo_94_F_R.tif,Ae_albopictus,6,Train
data/wings-2024/Ae_albopictus/Ae.albo_190_F_R.tif,Ae_albopictus,6,Train
data/wings-2024/Ae_albopictus/Ae.albo_145_F_R.tif,Ae_albopictus,6,Train
data/wings-2024/Ae_albopictus/Ae.albo_154_F_R.tif,Ae_albopictus,6,Train
data/wings-2024/Ae_albopictus/Ae.albo_1_F_R.tif,Ae_albopictus,6,Train
data/wings-2024/Ae_albopictus/Ae.albo_11_F_R.tif,Ae_albopictus,6,Train
data/wings-2024/Ae_albopictus/Ae.albo_15_F_R.tif,Ae_albopictus,6,Train
data/wings-2024/Ae_albopictus/Ae.albo_106_F_R.tif,Ae_albopictus,6,Train
data/wings-2024/Ae_albopictus/Ae.albo_79_F_R.tif,Ae_albopictus,6,Train
data/wings-2024/Ae_albopictus/Ae.albo_126_F_R.tif,Ae_albopictus,6,Train
data/wings-2024/Ae_albopictus/Ae.albo_39_F_R.tif,Ae_albopictus,6,Train
data/wings-2024/Ae_albopictus/Ae.albo_164_F_R.tif,Ae_albopictus,6,Train
data/wings-2024/Ae_albopictus/Ae.albo_137_F_R.tif,Ae_albopictus,6,Train
data/wings-2024/Ae_albopictus/Ae.albo_75_F_R.tif,Ae_albopictus,6,Train
data/wings-2024/Ae_albopictus/Ae.albo_211_F_R.tif,Ae_albopictus,6,Train
data/wings-2024/Ae_albopictus/Ae.albo_38_F_R.tif,Ae_albopictus,6,Train
data/wings-2024/Ae_albopictus/Ae.albo_213_F_R.tif,Ae_albopictus,6,Train
data/wings-2024/Ae_albopictus/Ae.albo_31_F_R.tif,Ae_albopictus,6,Train
data/wings-2024/Ae_albopictus/Ae.albo_187_F_R.tif,Ae_albopictus,6,Train
data/wings-2024/Ae_albopictus/Ae.albo_166_F_R.tif,Ae_albopictus,6,Train
data/wings-2024/Ae_albopictus/Ae.albo_52_F_R.tif,Ae_albopictus,6,Train
data/wings-2024/Ae_albopictus/Ae.albo_21_F_R.tif,Ae_albopictus,6,Train
data/wings-2024/Ae_albopictus/Ae.albo_160_F_R.tif,Ae_albopictus,6,Train
data/wings-2024/Ae_albopictus/Ae.albo_122_F_R.tif,Ae_albopictus,6,Train
data/wings-2024/Ae_albopictus/Ae.albo_197_F_R.tif,Ae_albopictus,6,Train
data/wings-2024/Ae_albopictus/Ae.albo_141_F_R.tif,Ae_albopictus,6,Train
data/wings-2024/Ae_albopictus/Ae.albo_111_F_R.tif,Ae_albopictus,6,Train
data/wings-2024/Ae_albopictus/Ae.albo_103_F_R.tif,Ae_albopictus,6,Train
data/wings-2024/Ae_albopictus/Ae.albo_194_F_R.tif,Ae_albopictus,6,Train
data/wings-2024/Ae_albopictus/Ae.albo_66_F_R.tif,Ae_albopictus,6,Train
data/wings-2024/Ae_albopictus/Ae.albo_51_F_R.tif,Ae_albopictus,6,Train
data/wings-2024/Ae_albopictus/Ae.albo_82_F_R.tif,Ae_albopictus,6,Train
data/wings-2024/Ae_albopictus/Ae.albo_27_F_R.tif,Ae_albopictus,6,Train
data/wings-2024/Ae_albopictus/Ae.albo_102_F_R.tif,Ae_albopictus,6,Train
data/wings-2024/Ae_albopictus/Ae.albo_54_F_R.tif,Ae_albopictus,6,Train
data/wings-2024/Ae_albopictus/Ae.albo_198_F_R.tif,Ae_albopictus,6,Train
data/wings-2024/Ae_albopictus/Ae.albo_135_F_R.tif,Ae_albopictus,6,Train
data/wings-2024/Ae_albopictus/Ae.albo_153_F_R.tif,Ae_albopictus,6,Train
data/wings-2024/Ae_albopictus/Ae.albo_16_F_R.tif,Ae_albopictus,6,Train
data/wings-2024/Ae_albopictus/Ae.albo_132_F_R.tif,Ae_albopictus,6,Train
data/wings-2024/Ae_albopictus/Ae.albo_5_F_R.tif,Ae_albopictus,6,Train
data/wings-2024/Ae_albopictus/Ae.albo_7_F_R.tif,Ae_albopictus,6,Train
data/wings-2024/Ae_albopictus/Ae.albo_91_F_R.tif,Ae_albopictus,6,Train
data/wings-2024/Ae_albopictus/Ae.albo_99_F_R.tif,Ae_albopictus,6,Train
data/wings-2024/Ae_albopictus/Ae.albo_150_F_R.tif,Ae_albopictus,6,Train
data/wings-2024/Ae_albopictus/Ae.albo_19_F_R.tif,Ae_albopictus,6,Train
data/wings-2024/Ae_albopictus/Ae.albo_214_F_R.tif,Ae_albopictus,6,Train
data/wings-2024/Ae_albopictus/Ae.albo_65_F_R.tif,Ae_albopictus,6,Train
data/wings-2024/Ae_albopictus/Ae.albo_182_F_R.tif,Ae_albopictus,6,Train
data/wings-2024/Ae_albopictus/Ae.albo_184_F_R.tif,Ae_albopictus,6,Train
data/wings-2024/Ae_albopictus/Ae.albo_236_F_R.tif,Ae_albopictus,6,Train
data/wings-2024/Ae_albopictus/Ae.albo_123_F_R.tif,Ae_albopictus,6,Train
data/wings-2024/Ae_albopictus/Ae.albo_139_F_R.tif,Ae_albopictus,6,Train
data/wings-2024/Ae_albopictus/Ae.albo_140_F_R.tif,Ae_albopictus,6,Train
data/wings-2024/Ae_albopictus/Ae.albo_209_F_R.tif,Ae_albopictus,6,Train
data/wings-2024/Ae_albopictus/Ae.albo_170_F_R.tif,Ae_albopictus,6,Train
data/wings-2024/Ae_albopictus/Ae.albo_172_F_R.tif,Ae_albopictus,6,Train
data/wings-2024/Ae_albopictus/Ae.albo_161_F_R.tif,Ae_albopictus,6,Train
data/wings-2024/Ae_albopictus/Ae.albo_74_F_R.tif,Ae_albopictus,6,Train
data/wings-2024/Ae_albopictus/Ae.albo_26_F_R.tif,Ae_albopictus,6,Train
data/wings-2024/Ae_albopictus/Ae.albo_225_F_R.tif,Ae_albopictus,6,Train
data/wings-2024/Ae_albopictus/Ae.albo_175_F_R.tif,Ae_albopictus,6,Train
data/wings-2024/Ae_albopictus/Ae.albo_200_F_R.tif,Ae_albopictus,6,Train
data/wings-2024/Ae_albopictus/Ae.albo_55_F_R.tif,Ae_albopictus,6,Train
data/wings-2024/Ae_albopictus/Ae.albo_231_F_R.tif,Ae_albopictus,6,Train
data/wings-2024/Ae_albopictus/Ae.albo_232_F_R.tif,Ae_albopictus,6,Train
data/wings-2024/Ae_albopictus/Ae.albo_77_F_R.tif,Ae_albopictus,6,Train
data/wings-2024/Ae_albopictus/Ae.albo_61_F_R.tif,Ae_albopictus,6,Train
data/wings-2024/Ae_albopictus/Ae.albo_207_F_R.tif,Ae_albopictus,6,Train
data/wings-2024/Ae_albopictus/Ae.albo_9_F_R.tif,Ae_albopictus,6,Train
data/wings-2024/Ae_albopictus/Ae.albo_189_F_R.tif,Ae_albopictus,6,Train
data/wings-2024/Ae_albopictus/Ae.albo_199_F_R.tif,Ae_albopictus,6,Train
data/wings-2024/Ae_cinereus/Ae cin 69.tif,Ae_cinereus,0,Val
data/wings-2024/Ae_cinereus/Ae cin 102.tif,Ae_cinereus,0,Val
data/wings-2024/Ae_cinereus/Ae cin 165.tif,Ae_cinereus,0,Val
data/wings-2024/Ae_cinereus/Ae cin 161.tif,Ae_cinereus,0,Val
data/wings-2024/Ae_cinereus/Ae cin 36.tif,Ae_cinereus,0,Val
data/wings-2024/Ae_cinereus/Ae cin 134.tif,Ae_cinereus,0,Val
data/wings-2024/Ae_cinereus/Ae cin 163.tif,Ae_cinereus,0,Val
data/wings-2024/Ae_cinereus/Ae cin 101.tif,Ae_cinereus,0,Val
data/wings-2024/Ae_cinereus/Ae cin 132.tif,Ae_cinereus,0,Val
data/wings-2024/Ae_cinereus/Ae cin 77.tif,Ae_cinereus,0,Val
data/wings-2024/Ae_cinereus/Ae cin 153.tif,Ae_cinereus,0,Val
data/wings-2024/Ae_cinereus/Ae cin 88.tif,Ae_cinereus,0,Val
data/wings-2024/Ae_cinereus/Ae cin 24.tif,Ae_cinereus,0,Val
data/wings-2024/Ae_cinereus/Ae cin 150.tif,Ae_cinereus,0,Val
data/wings-2024/Ae_cinereus/Ae cin 52.tif,Ae_cinereus,0,Val
data/wings-2024/Ae_cinereus/Ae cin 23.tif,Ae_cinereus,0,Val
data/wings-2024/Ae_cinereus/Ae cin 28.tif,Ae_cinereus,0,Val
data/wings-2024/Ae_cinereus/Ae cin 151.tif,Ae_cinereus,0,Val
data/wings-2024/Ae_cinereus/Ae cin 135.tif,Ae_cinereus,0,Val
data/wings-2024/Ae_cinereus/Ae cin 57.tif,Ae_cinereus,0,Val
data/wings-2024/Ae_cinereus/Ae cin 91.tif,Ae_cinereus,0,Val
data/wings-2024/Ae_cinereus/Ae cin 41.tif,Ae_cinereus,0,Val
data/wings-2024/Ae_cinereus/Ae cin 127.tif,Ae_cinereus,0,Val
data/wings-2024/Ae_cinereus/Ae cin 5.tif,Ae_cinereus,0,Val
data/wings-2024/Ae_cinereus/Ae cin 48.tif,Ae_cinereus,0,Val
data/wings-2024/Ae_cinereus/Ae cin 49.tif,Ae_cinereus,0,Val
data/wings-2024/Ae_cinereus/Ae cin 30.tif,Ae_cinereus,0,Val
data/wings-2024/Ae_cinereus/Ae cin 144.tif,Ae_cinereus,0,Val
data/wings-2024/Ae_cinereus/Ae cin 89.tif,Ae_cinereus,0,Val
data/wings-2024/Ae_cinereus/Ae cin 133.tif,Ae_cinereus,0,Val
data/wings-2024/Ae_cinereus/Ae cin 118.tif,Ae_cinereus,0,Val
data/wings-2024/Ae_cinereus/Ae cin 90.tif,Ae_cinereus,0,Val
data/wings-2024/Ae_cinereus/Ae cin 125.tif,Ae_cinereus,0,Val
data/wings-2024/Ae_punctor/Ae pun 32.tif,Ae_punctor,1,Val
data/wings-2024/Ae_punctor/Ae pun 154.tif,Ae_punctor,1,Val
data/wings-2024/Ae_punctor/Ae pun 103.tif,Ae_punctor,1,Val
data/wings-2024/Ae_punctor/Ae pun 49.tif,Ae_punctor,1,Val
data/wings-2024/Ae_punctor/Ae pun 148.tif,Ae_punctor,1,Val
data/wings-2024/Ae_punctor/Ae pun 63.tif,Ae_punctor,1,Val
data/wings-2024/Ae_punctor/Ae pun 160.tif,Ae_punctor,1,Val
data/wings-2024/Ae_punctor/Ae pun 56.tif,Ae_punctor,1,Val
data/wings-2024/Ae_punctor/Ae pun 131.tif,Ae_punctor,1,Val
data/wings-2024/Ae_punctor/Ae pun 3.tif,Ae_punctor,1,Val
data/wings-2024/Ae_punctor/Ae pun 13.tif,Ae_punctor,1,Val
data/wings-2024/Ae_punctor/Ae pun 113.tif,Ae_punctor,1,Val
data/wings-2024/Ae_punctor/Ae pun 75.tif,Ae_punctor,1,Val
data/wings-2024/Ae_punctor/Ae pun 79.tif,Ae_punctor,1,Val
data/wings-2024/Ae_punctor/Ae pun 158.tif,Ae_punctor,1,Val
data/wings-2024/Ae_punctor/Ae pun 33.tif,Ae_punctor,1,Val
data/wings-2024/Ae_punctor/Ae pun 31.tif,Ae_punctor,1,Val
data/wings-2024/Ae_punctor/Ae pun 139.tif,Ae_punctor,1,Val
data/wings-2024/Ae_punctor/Ae pun 98.tif,Ae_punctor,1,Val
data/wings-2024/Ae_punctor/Ae pun 59.tif,Ae_punctor,1,Val
data/wings-2024/Ae_punctor/Ae pun 42.tif,Ae_punctor,1,Val
data/wings-2024/Ae_punctor/Ae pun 143.tif,Ae_punctor,1,Val
data/wings-2024/Ae_punctor/Ae pun 147.tif,Ae_punctor,1,Val
data/wings-2024/Ae_punctor/Ae pun 16.tif,Ae_punctor,1,Val
data/wings-2024/Ae_punctor/Ae pun 66.tif,Ae_punctor,1,Val
data/wings-2024/Ae_punctor/Ae pun 61.tif,Ae_punctor,1,Val
data/wings-2024/Ae_punctor/Ae pun 77.tif,Ae_punctor,1,Val
data/wings-2024/Ae_punctor/Ae pun 80.tif,Ae_punctor,1,Val
data/wings-2024/Ae_punctor/Ae pun 108.tif,Ae_punctor,1,Val
data/wings-2024/Ae_punctor/Ae pun 60.tif,Ae_punctor,1,Val
data/wings-2024/Ae_punctor/Ae pun 133.tif,Ae_punctor,1,Val
data/wings-2024/Ae_punctor/Ae pun 51.tif,Ae_punctor,1,Val
data/wings-2024/Ae_punctor/Ae pun 117.tif,Ae_punctor,1,Val
data/wings-2024/Ae_communis/Ae com 152.tif,Ae_communis,2,Val
data/wings-2024/Ae_communis/Ae com 123.tif,Ae_communis,2,Val
data/wings-2024/Ae_communis/Ae com 94.tif,Ae_communis,2,Val
data/wings-2024/Ae_communis/Ae com 19.tif,Ae_communis,2,Val
data/wings-2024/Ae_communis/Ae com 7.tif,Ae_communis,2,Val
data/wings-2024/Ae_communis/Ae com 44.tif,Ae_communis,2,Val
data/wings-2024/Ae_communis/Ae com 33.tif,Ae_communis,2,Val
data/wings-2024/Ae_communis/Ae com 2.tif,Ae_communis,2,Val
data/wings-2024/Ae_communis/Ae com 127.tif,Ae_communis,2,Val
data/wings-2024/Ae_communis/Ae com 70.tif,Ae_communis,2,Val
data/wings-2024/Ae_communis/Ae com 68.tif,Ae_communis,2,Val
data/wings-2024/Ae_communis/Ae com 16.tif,Ae_communis,2,Val
data/wings-2024/Ae_communis/Ae com 158.tif,Ae_communis,2,Val
data/wings-2024/Ae_communis/Ae com 88.tif,Ae_communis,2,Val
data/wings-2024/Ae_communis/Ae com 115.tif,Ae_communis,2,Val
data/wings-2024/Ae_communis/Ae com 81.tif,Ae_communis,2,Val
data/wings-2024/Ae_communis/Ae com 146.tif,Ae_communis,2,Val
data/wings-2024/Ae_communis/Ae com 60.tif,Ae_communis,2,Val
data/wings-2024/Ae_communis/Ae com 57.tif,Ae_communis,2,Val
data/wings-2024/Ae_communis/Ae com 4.tif,Ae_communis,2,Val
data/wings-2024/Ae_communis/Ae com 43.tif,Ae_communis,2,Val
data/wings-2024/Ae_communis/Ae com 128.tif,Ae_communis,2,Val
data/wings-2024/Ae_communis/Ae com 62.tif,Ae_communis,2,Val
data/wings-2024/Ae_communis/Ae com 125.tif,Ae_communis,2,Val
data/wings-2024/Ae_communis/Ae com 41.tif,Ae_communis,2,Val
data/wings-2024/Ae_communis/Ae com 111.tif,Ae_communis,2,Val
data/wings-2024/Ae_communis/Ae com 114.tif,Ae_communis,2,Val
data/wings-2024/Ae_communis/Ae com 52.tif,Ae_communis,2,Val
data/wings-2024/Ae_communis/Ae com 39.tif,Ae_communis,2,Val
data/wings-2024/Ae_communis/Ae com 133.tif,Ae_communis,2,Val
data/wings-2024/Ae_communis/Ae com 90.tif,Ae_communis,2,Val
data/wings-2024/Ae_communis/Ae com 25.tif,Ae_communis,2,Val
data/wings-2024/Ae_communis/Ae com 10.tif,Ae_communis,2,Val
data/wings-2024/Ae_sticticus/Ae stic 69.tif,Ae_sticticus,3,Val
data/wings-2024/Ae_sticticus/Ae stic 54.tif,Ae_sticticus,3,Val
data/wings-2024/Ae_sticticus/Ae stic 27.tif,Ae_sticticus,3,Val
data/wings-2024/Ae_sticticus/Ae stic 115.tif,Ae_sticticus,3,Val
data/wings-2024/Ae_sticticus/Ae stic 46.tif,Ae_sticticus,3,Val
data/wings-2024/Ae_sticticus/Ae stic 129.tif,Ae_sticticus,3,Val
data/wings-2024/Ae_sticticus/Ae stic 10.tif,Ae_sticticus,3,Val
data/wings-2024/Ae_sticticus/Ae stic 117.tif,Ae_sticticus,3,Val
data/wings-2024/Ae_sticticus/Ae stic 49.tif,Ae_sticticus,3,Val
data/wings-2024/Ae_sticticus/Ae stic 79.tif,Ae_sticticus,3,Val
data/wings-2024/Ae_sticticus/Ae stic 151.tif,Ae_sticticus,3,Val
data/wings-2024/Ae_sticticus/Ae stic 86.tif,Ae_sticticus,3,Val
data/wings-2024/Ae_sticticus/Ae stic 31.tif,Ae_sticticus,3,Val
data/wings-2024/Ae_sticticus/Ae stic 44.tif,Ae_sticticus,3,Val
data/wings-2024/Ae_sticticus/Ae stic 37.tif,Ae_sticticus,3,Val
data/wings-2024/Ae_sticticus/Ae stic 143.tif,Ae_sticticus,3,Val
data/wings-2024/Ae_sticticus/Ae stic 76.tif,Ae_sticticus,3,Val
data/wings-2024/Ae_sticticus/Ae stic 147.tif,Ae_sticticus,3,Val
data/wings-2024/Ae_sticticus/Ae stic 133.tif,Ae_sticticus,3,Val
data/wings-2024/Ae_sticticus/Ae stic 142.tif,Ae_sticticus,3,Val
data/wings-2024/Ae_sticticus/Ae stic 36.tif,Ae_sticticus,3,Val
data/wings-2024/Ae_sticticus/Ae stic 50.tif,Ae_sticticus,3,Val
data/wings-2024/Ae_sticticus/Ae stic 42.tif,Ae_sticticus,3,Val
data/wings-2024/Ae_sticticus/Ae stic 21.tif,Ae_sticticus,3,Val
data/wings-2024/Ae_sticticus/Ae stic 2.tif,Ae_sticticus,3,Val
data/wings-2024/Ae_sticticus/Ae stic 53.tif,Ae_sticticus,3,Val
data/wings-2024/Ae_sticticus/Ae stic 13.tif,Ae_sticticus,3,Val
data/wings-2024/Ae_sticticus/Ae stic 110.tif,Ae_sticticus,3,Val
data/wings-2024/Ae_sticticus/Ae stic 65.tif,Ae_sticticus,3,Val
data/wings-2024/Ae_sticticus/Ae stic 150.tif,Ae_sticticus,3,Val
data/wings-2024/Ae_sticticus/Ae stic 91.tif,Ae_sticticus,3,Val
data/wings-2024/Ae_sticticus/Ae stic 105.tif,Ae_sticticus,3,Val
data/wings-2024/Ae_sticticus/Ae stic 122.tif,Ae_sticticus,3,Val
data/wings-2024/Ae_vexans/Ae vex 160.tif,Ae_vexans,4,Val
data/wings-2024/Ae_vexans/Ae vex 80.tif,Ae_vexans,4,Val
data/wings-2024/Ae_vexans/Ae vex 37.tif,Ae_vexans,4,Val
data/wings-2024/Ae_vexans/Ae vex 23.tif,Ae_vexans,4,Val
data/wings-2024/Ae_vexans/Ae vex 29.tif,Ae_vexans,4,Val
data/wings-2024/Ae_vexans/Ae vex 100.tif,Ae_vexans,4,Val
data/wings-2024/Ae_vexans/Ae vex 26.tif,Ae_vexans,4,Val
data/wings-2024/Ae_vexans/Ae vex 15.tif,Ae_vexans,4,Val
data/wings-2024/Ae_vexans/Ae vex 64.tif,Ae_vexans,4,Val
data/wings-2024/Ae_vexans/Ae vex 5.tif,Ae_vexans,4,Val
data/wings-2024/Ae_vexans/Ae vex 108.tif,Ae_vexans,4,Val
data/wings-2024/Ae_vexans/Ae vex 132.tif,Ae_vexans,4,Val
data/wings-2024/Ae_vexans/Ae vex 117.tif,Ae_vexans,4,Val
data/wings-2024/Ae_vexans/Ae vex 99.tif,Ae_vexans,4,Val
data/wings-2024/Ae_vexans/Ae vex 140.tif,Ae_vexans,4,Val
data/wings-2024/Ae_vexans/Ae vex 43.tif,Ae_vexans,4,Val
data/wings-2024/Ae_vexans/Ae vex 142.tif,Ae_vexans,4,Val
data/wings-2024/Ae_vexans/Ae vex 129.tif,Ae_vexans,4,Val
data/wings-2024/Ae_vexans/Ae vex 14.tif,Ae_vexans,4,Val
data/wings-2024/Ae_vexans/Ae vex 38.tif,Ae_vexans,4,Val
data/wings-2024/Ae_vexans/Ae vex 141.tif,Ae_vexans,4,Val
data/wings-2024/Ae_vexans/Ae vex 121.tif,Ae_vexans,4,Val
data/wings-2024/Ae_vexans/Ae vex 115.tif,Ae_vexans,4,Val
data/wings-2024/Ae_vexans/Ae vex 9.tif,Ae_vexans,4,Val
data/wings-2024/Ae_vexans/Ae vex 52.tif,Ae_vexans,4,Val
data/wings-2024/Ae_vexans/Ae vex 7.tif,Ae_vexans,4,Val
data/wings-2024/Ae_vexans/Ae vex 126.tif,Ae_vexans,4,Val
data/wings-2024/Ae_vexans/Ae vex 60.tif,Ae_vexans,4,Val
data/wings-2024/Ae_vexans/Ae vex 101.tif,Ae_vexans,4,Val
data/wings-2024/Ae_vexans/Ae vex 127.tif,Ae_vexans,4,Val
data/wings-2024/Ae_vexans/Ae vex 44.tif,Ae_vexans,4,Val
data/wings-2024/Ae_vexans/Ae vex 49.tif,Ae_vexans,4,Val
data/wings-2024/Ae_vexans/Ae vex 161.tif,Ae_vexans,4,Val
data/wings-2024/Ae_rusticus/Ae rus 71.tif,Ae_rusticus,5,Val
data/wings-2024/Ae_rusticus/Ae rus 19.tif,Ae_rusticus,5,Val
data/wings-2024/Ae_rusticus/Ae rus 102.tif,Ae_rusticus,5,Val
data/wings-2024/Ae_rusticus/Ae rus 5.tif,Ae_rusticus,5,Val
data/wings-2024/Ae_rusticus/Ae rus 37.tif,Ae_rusticus,5,Val
data/wings-2024/Ae_rusticus/Ae rus 56.tif,Ae_rusticus,5,Val
data/wings-2024/Ae_rusticus/Ae rus 11.tif,Ae_rusticus,5,Val
data/wings-2024/Ae_rusticus/Ae rus 92.tif,Ae_rusticus,5,Val
data/wings-2024/Ae_rusticus/Ae rus 45.tif,Ae_rusticus,5,Val
data/wings-2024/Ae_rusticus/Ae rus 9.tif,Ae_rusticus,5,Val
data/wings-2024/Ae_rusticus/Ae rus 160.tif,Ae_rusticus,5,Val
data/wings-2024/Ae_rusticus/Ae rus 29.tif,Ae_rusticus,5,Val
data/wings-2024/Ae_rusticus/Ae rus 143.tif,Ae_rusticus,5,Val
data/wings-2024/Ae_rusticus/Ae rus 124.tif,Ae_rusticus,5,Val
data/wings-2024/Ae_rusticus/Ae rus 125.tif,Ae_rusticus,5,Val
data/wings-2024/Ae_rusticus/Ae rus 147.tif,Ae_rusticus,5,Val
data/wings-2024/Ae_rusticus/Ae rus 33.tif,Ae_rusticus,5,Val
data/wings-2024/Ae_rusticus/Ae rus 136.tif,Ae_rusticus,5,Val
data/wings-2024/Ae_rusticus/Ae rus 16.tif,Ae_rusticus,5,Val
data/wings-2024/Ae_rusticus/Ae rus 150.tif,Ae_rusticus,5,Val
data/wings-2024/Ae_rusticus/Ae rus 148.tif,Ae_rusticus,5,Val
data/wings-2024/Ae_rusticus/Ae rus 91.tif,Ae_rusticus,5,Val
data/wings-2024/Ae_rusticus/Ae rus 119.tif,Ae_rusticus,5,Val
data/wings-2024/Ae_rusticus/Ae rus 99.tif,Ae_rusticus,5,Val
data/wings-2024/Ae_rusticus/Ae rus 38.tif,Ae_rusticus,5,Val
data/wings-2024/Ae_rusticus/Ae rus 90.tif,Ae_rusticus,5,Val
data/wings-2024/Ae_rusticus/Ae rus 83.tif,Ae_rusticus,5,Val
data/wings-2024/Ae_rusticus/Ae rus 130.tif,Ae_rusticus,5,Val
data/wings-2024/Ae_rusticus/Ae rus 3.tif,Ae_rusticus,5,Val
data/wings-2024/Ae_rusticus/Ae rus 58.tif,Ae_rusticus,5,Val
data/wings-2024/Ae_rusticus/Ae rus 164.tif,Ae_rusticus,5,Val
data/wings-2024/Ae_rusticus/Ae rus 69.tif,Ae_rusticus,5,Val
data/wings-2024/Ae_rusticus/Ae rus 27.tif,Ae_rusticus,5,Val
data/wings-2024/Ae_albopictus/Ae.albo_138_F_R.tif,Ae_albopictus,6,Val
data/wings-2024/Ae_albopictus/Ae.albo_205_F_R.tif,Ae_albopictus,6,Val
data/wings-2024/Ae_albopictus/Ae.albo_53_F_R.tif,Ae_albopictus,6,Val
data/wings-2024/Ae_albopictus/Ae.albo_235_F_R.tif,Ae_albopictus,6,Val
data/wings-2024/Ae_albopictus/Ae.albo_185_F_R.tif,Ae_albopictus,6,Val
data/wings-2024/Ae_albopictus/Ae.albo_230_F_R.tif,Ae_albopictus,6,Val
data/wings-2024/Ae_albopictus/Ae.albo_80_F_R.tif,Ae_albopictus,6,Val
data/wings-2024/Ae_albopictus/Ae.albo_73_F_R.tif,Ae_albopictus,6,Val
data/wings-2024/Ae_albopictus/Ae.albo_202_F_R.tif,Ae_albopictus,6,Val
data/wings-2024/Ae_albopictus/Ae.albo_146_F_R.tif,Ae_albopictus,6,Val
data/wings-2024/Ae_albopictus/Ae.albo_203_F_R.tif,Ae_albopictus,6,Val
data/wings-2024/Ae_albopictus/Ae.albo_72_F_R.tif,Ae_albopictus,6,Val
data/wings-2024/Ae_albopictus/Ae.albo_8_F_R.tif,Ae_albopictus,6,Val
data/wings-2024/Ae_albopictus/Ae.albo_43_F_R.tif,Ae_albopictus,6,Val
data/wings-2024/Ae_albopictus/Ae.albo_100_F_R.tif,Ae_albopictus,6,Val
data/wings-2024/Ae_albopictus/Ae.albo_110_F_R.tif,Ae_albopictus,6,Val
data/wings-2024/Ae_albopictus/Ae.albo_81_F_R.tif,Ae_albopictus,6,Val
data/wings-2024/Ae_albopictus/Ae.albo_143_F_R.tif,Ae_albopictus,6,Val
data/wings-2024/Ae_albopictus/Ae.albo_113_F_R.tif,Ae_albopictus,6,Val
data/wings-2024/Ae_albopictus/Ae.albo_30_F_R.tif,Ae_albopictus,6,Val
data/wings-2024/Ae_albopictus/Ae.albo_47_F_R.tif,Ae_albopictus,6,Val
data/wings-2024/Ae_albopictus/Ae.albo_28_F_R.tif,Ae_albopictus,6,Val
data/wings-2024/Ae_albopictus/Ae.albo_124_F_R.tif,Ae_albopictus,6,Val
data/wings-2024/Ae_albopictus/Ae.albo_169_F_R.tif,Ae_albopictus,6,Val
data/wings-2024/Ae_albopictus/Ae.albo_105_F_R.tif,Ae_albopictus,6,Val
data/wings-2024/Ae_albopictus/Ae.albo_163_F_R.tif,Ae_albopictus,6,Val
data/wings-2024/Ae_albopictus/Ae.albo_17_F_R.tif,Ae_albopictus,6,Val
data/wings-2024/Ae_albopictus/Ae.albo_237_F_R.tif,Ae_albopictus,6,Val
data/wings-2024/Ae_albopictus/Ae.albo_23_F_R.tif,Ae_albopictus,6,Val
data/wings-2024/Ae_albopictus/Ae.albo_193_F_R.tif,Ae_albopictus,6,Val
data/wings-2024/Ae_albopictus/Ae.albo_14_F_R.tif,Ae_albopictus,6,Val
data/wings-2024/Ae_albopictus/Ae.albo_12_F_R.tif,Ae_albopictus,6,Val
data/wings-2024/Ae_albopictus/Ae.albo_206_F_R.tif,Ae_albopictus,6,Val
